style,family,bpm,weirdness,style_influence,style_prompt,structure,url
90s R&B Revival,Asphalt and Diamonds,98,20,89,"90s R&B, lush group harmonies, new jack swing groove, warm analog keys, smooth lead with runs, slow-dance nostalgia",[Harmony intro] → [Verse] → [Chorus] → [Verse 2] → [Chorus] → [A cappella bridge] → [Final chorus],https://musaisong.app/en/style/asf-90s-rnb
Acid Experimental,The Edge of the Map,130,58,90,"Experimental Acid, squelching 303 bassline, modular synth chaos, evolving filter resonance, hypnotic mutation, acid-techno fringe, trippy and relentless",[Emerging 303] → [Filter mutation] → [Modular chaos] → [Resonant climax] → [Acid decay],https://musaisong.app/en/style/acid-experimental
Acid House,Machines That Dream,125,30,92,"Acid House, squelchy resonant 303 bassline, punchy drum machine, hypnotic acid lines, retro rave energy, classic acid house, trippy and groovy",[Intro] → [Build] → [Acid drop] → [Break] → [Final drop],https://musaisong.app/en/style/acid-house
Acid Jazz,Smoke and Midnight,105,30,91,"Acid Jazz, funky live drums, jazzy keys, soulful vocals, hip-hop influenced groove, organic dancefloor jazz, smooth and groovy",[Intro] → [Verse] → [Chorus] → [Keyboard solo] → [Final chorus],https://musaisong.app/en/style/acid-jazz
Acoustic Ballad,Ballads That Break the Sky,74,20,92,"Acoustic Ballad, fingerpicked acoustic guitar, subtle strings, warm sincere vocals, intimate singer-songwriter, gentle and heartfelt",[Intro] guitar → [Verse] → [Chorus] → [Verse 2] → [Final Chorus],https://musaisong.app/en/style/acoustic-ballad
Adagio para Cuerdas,Hall of Centuries,54,22,96,"Adagio for Strings, slow string orchestra, gradually swelling, mournful aching melody, Barber style, devastating and sublime",[Slow theme] → [gradual build] → [shattering climax] → [silence] → [resolution],https://musaisong.app/en/style/adagio-cuerdas
Afro House,The Party That Never Ends,122,20,93,"Afro House, tribal percussion, deep house bass, chant vocals, hypnotic build, electronic African dance, earthy and euphoric",[Intro] percussion → [Build] → [Drop] → [Break] chants → [Final drop],https://musaisong.app/en/style/afro-house
Afro-Cuban Jazz,Smoke and Midnight,115,28,92,"Afro-Cuban Jazz, clave-based rhythm, bata drums, bold brass, jazz piano, virtuosic Cubop solos, sophisticated and fiery",[Intro] clave → [Theme] → [Sax solo] → [Descarga] → [Final theme],https://musaisong.app/en/style/afro-cuban-jazz
Afro-R&B,Rain Romance,100,26,91,"Afro-R&B, gentle afrobeats percussion, warm bass, smooth melodic vocals, sensual hooks, African-influenced love song, sunny and tender",[Intro] → [Verse] → [Chorus] → [Verse 2] → [Final Chorus],https://musaisong.app/en/style/afro-rnb
Afro-Trap,Street and Verse,100,28,90,"Afro-Trap, afrobeats percussion, trap 808s, catchy melodic hooks, energetic French/African flow, Afro-European street fusion, hot and bouncy",[Intro] → [Verse] → [Hook] → [Verse 2] → [Final Hook],https://musaisong.app/en/style/afro-trap
Afrobeat (Fela),Distant Worlds,110,28,95,"Afrobeat, tight horn section, funky guitar, Tony Allen-style drums, organ, call-and-response vocals, long hypnotic grooves, Nigerian, political and infectious",[Long intro groove] → [horns] → [Verse] → [call-and-response chorus] → [solo] → [final groove],https://musaisong.app/en/style/afrobeat-fela
Afrobeats,The Party That Never Ends,105,18,95,"Afrobeats, log drum, syncopated percussion, smooth melodic vocals, warm catchy hooks, West African pop, groovy and sunlit",[Intro] groove → [Verse] → [Pre-chorus] → [Chorus] → [Verse 2] → [Final Chorus],https://musaisong.app/en/style/afrobeats
Afropop Brillante,Summer Sun,108,20,92,"Bright Afropop, polished afrobeats groove, bright synths, smooth catchy vocals, radio-ready African pop, sunny and danceable",[Intro] → [Verse] → [Pre-chorus] → [Chorus] → [Verse 2] → [Final Chorus],https://musaisong.app/en/style/afropop-bright
Alabanza Latina,Sacred Ground,82,20,93,"Latin Praise, acoustic guitar, latin percussion, warm band, heartfelt joyful Spanish vocals, congregational praise, uplifting and warm",[Intro] → [Verse] → [Chorus] → [Verse 2] → [Bridge] → [Final Chorus],https://musaisong.app/en/style/alabanza-latina
Alt-Country,Dust and Highway,96,38,85,"Alt-Country, melancholic indie vocals, jangly guitars with feedback edges, lo-fi warmth, bittersweet melodies, No Depression era spirit",[Intro] → [Verse] → [Chorus] → [Verse 2] → [Chorus] → [Noisy Bridge] → [Final Chorus],https://musaisong.app/en/style/plv-alt-country
Alt-R&B,Asphalt and Diamonds,88,52,82,"Alternative R&B, hazy atmospheric production, ethereal vocals with reverb, off-kilter drums, moody experimental textures, 3am introspection",[Ambient intro] → [Verse] → [Hazy chorus] → [Verse 2] → [Chorus] → [Collapse] → [Final chorus],https://musaisong.app/en/style/asf-alt-rnb
Alt-Rock 90s,Electric Roads,120,28,93,"90s Alternative Rock, dynamic distorted guitars, melodic bass, powerful expressive vocals, loud-quiet dynamics, modern rock radio, anthemic and emotional",[Intro] → [Verse] → powerful [Chorus] → [Verse 2] → [Bridge] → [Final Chorus],https://musaisong.app/en/style/alt-rock-90s
Amapiano,The Party That Never Ends,112,22,94,"Amapiano, deep log drum bass, airy piano chords, shakers, smooth laid-back vocals, South African house, hypnotic and groovy",[Intro] piano+log drum → [Build] → [Groove] → [Verse] → [Final Groove],https://musaisong.app/en/style/amapiano
Ambient,Breathing Silence,60,40,88,"Ambient, vast evolving synth pads, gentle drones, subtle textures, no rhythm, spacious atmosphere, Eno-style ambient, serene and infinite",[Layer 1] pad → [Evolution] → [Layer 2] → [Dissolution],https://musaisong.app/en/style/ambient
Ambient Cinematográfico,Breathing Silence,65,36,87,"Cinematic Ambient, evolving atmospheric pads, subtle orchestral textures, deep emotional swells, film-score ambient, immersive and moving",[Atmosphere] → [Emotional Swell] → [Soft Climax] → [Dissolution],https://musaisong.app/en/style/cinematic-ambient
Ambient de Campo (Field Recording),Breathing Silence,50,46,84,"Field Recording Ambient, natural environmental sounds, gentle drones underneath, birdsong and water, immersive nature ambient, organic and peaceful",[Soundscape] → [Soft drone enters] → [Natural layers build] → [Dissolution],https://musaisong.app/en/style/field-recording-ambient
Ambient Folk,Breathing Silence,70,34,86,"Ambient Folk, gentle fingerpicked guitar, soft ambient pads, distant wordless humming, organic textures, folk-ambient hybrid, warm and serene",[Intro] guitar → [Pads enter] → [Distant hum] → [Dissolution],https://musaisong.app/en/style/ambient-folk
Ambient Generativo,Breathing Silence,55,44,85,"Generative Ambient, slowly shifting algorithmic tones, never-repeating gentle patterns, soft evolving textures, generative ambient, infinite and serene",[System] → [Infinite Variation] → [Gentle Drift],https://musaisong.app/en/style/generative-ambient
Ambient Ingrávido,Breathing Silence,50,42,85,"Weightless Ambient, floating airy pads, no rhythm, gentle harmonic drift, scientifically calming atmosphere, weightless ambient, serene and floating",[Float] → [Harmonic Drift] → [Suspension] → [Dissolution],https://musaisong.app/en/style/weightless-ambient
Ambient Piano,Breathing Silence,60,32,88,"Ambient Piano, gentle felt piano, soft ambient pads underneath, spacious reverb, intimate minimalist melodies, ambient neoclassical, serene and intimate",[Intro] piano → [Pads enter] → [Theme] → [Gentle dissolution],https://musaisong.app/en/style/ambient-piano
Ambient Pop,Fog and Nostalgia,90,40,90,"Ambient Pop, soft ambient textures, gentle melodic hooks, breathy vocals, spacious atmosphere, pop melody in ambient space, serene and dreamy",[Intro] textures → [Verse] → soft [Chorus] → [Verse 2] → spacious [Outro],https://musaisong.app/en/style/ambient-pop
Ambient Techno,Machines That Dream,120,32,90,"Ambient Techno, gentle steady kick, lush atmospheric pads, hypnotic minimal melodies, spacious dub textures, deep ambient techno, hypnotic and serene",[Intro] pads → soft [Groove] → [Evolution] → [Break] → [Final Groove],https://musaisong.app/en/style/ambient-techno
Americana,Dust and Highway,88,28,88,"Americana, warm weathered vocals, acoustic and electric blend, dobro, subtle organ, literary songwriting, roots revival warmth",[Intro] → [Verse] → [Chorus] → [Verse 2] → [Chorus] → [Bridge] → [Final Chorus],https://musaisong.app/en/style/plv-americana
Anthem Orquestal,Ballads That Break the Sky,76,28,94,"Orchestral Anthem, full symphonic orchestra, choir, timpani, triumphant soaring vocals, epic cinematic ballad, grand and overwhelming",[Intro] strings → [Verse] → [Pre] choir enters → [Chorus] orchestra+choir → [Bridge] → [Colossal final Chorus],https://musaisong.app/en/style/anthem-orquestal
Appalachian Folk,Dust and Highway,72,35,90,"Appalachian Folk, haunting female vocals, sparse banjo, mountain dulcimer, old-time modal melody, ancient ballad feel, misty and timeless",[Intro] → [Verse] → [Verse 2] → [Chorus] → [Verse 3] → [Final Chorus a cappella],https://musaisong.app/en/style/plv-appalachian-folk
Appalachian Old-Time,Roots That Hold Fast,120,18,94,"Old-Time Appalachian, clawhammer banjo, fiddle, simple driving rhythm, plaintive folk vocals, front-porch American roots, raw and timeless",[Intro] fiddle+banjo → [Verse] → [Chorus] → [Instrumental break] → [Final Verse],https://musaisong.app/en/style/appalachian-old-time
Arena Anthem,Ballads That Break the Sky,84,26,93,"Arena Anthem, big stadium drums, anthemic guitars, gang whoa-oh chants, huge uplifting vocals, festival singalong, euphoric and massive",[Intro] → [Verse] → [Pre-Chorus] → [Chorus] with whoa-oh → [Verse 2] → [Massive Final Chorus],https://musaisong.app/en/style/arena-anthem
Aria Operática,Hall of Centuries,60,22,99,"Operatic Aria, full romantic orchestra, soaring dramatic soprano/tenor vocals, sweeping strings, grand dynamics, classical opera, majestic and devastating",[Orchestral Intro] → [Recitative] → [Slow Aria] → [Cabaletta] accelerating → [Climax] sustained note → [Orchestral Finale],https://musaisong.app/en/style/aria-operatica
Art Pop,Summer Sun,112,36,91,"Art Pop, inventive production, theatrical synths, unexpected arrangements, expressive bold vocals, avant-leaning pop, dramatic and colorful",[Unexpected Intro] → [Verse] → [Pre-Chorus] → [Big Chorus] → [Experimental Bridge] → [Final Chorus],https://musaisong.app/en/style/art-pop
Atonal / Serialismo,The Edge of the Map,70,64,91,"Atonal Serialism, twelve-tone rows, no tonal center, angular dissonant intervals, sparse pointillist orchestration, Schoenberg-Webern style, austere and unsettling",[Twelve-Tone Row] → [Variation] → [Inversion] → [Dissonant Climax] → [Open Cadence],https://musaisong.app/en/style/atonal-serialismo
Avant-Prog,The Edge of the Map,130,60,91,"Avant-Prog, complex shifting time signatures, dissonant guitars, angular keyboards, theatrical vocals, Rock-in-Opposition style, dense and unpredictable",[Angular Theme] → [Time Signature Change] → [Dissonant Section] → [Complex Climax] → [Unexpected Resolution],https://musaisong.app/en/style/avant-prog
Axé Bahia,The Party That Never Ends,135,16,93,"Axé, Bahia carnival pop, brass, timbal percussion, energetic command vocals, dance-instruction hooks, Brazilian street party, sunny and explosive",[Brass Intro] → [Verse] → [Chorus] with choreography → [Break] → [Final Chorus],https://musaisong.app/en/style/axe-bahia
Bachata Moderna,Rain Romance,130,28,92,"Modern Bachata, requinto with pop production, electric guitar fills, crisp percussion, urban-pop romantic vocals, radio-ready Dominican romance",[Requinto Intro] → [Verse] → [Pre-Chorus] → [Chorus] → [Verse 2] → [Final Chorus],https://musaisong.app/en/style/bachata-moderna
Bachata Sensual,Rain Romance,128,15,96,"Bachata, requinto guitar lead, bongó, güira, romantic sensual male vocals, Dominican guitar romance, smooth and danceable",[Requinto Intro] → [Verse] → [Chorus] → [Derecho / Instrumental] requinto → [Final Chorus],https://musaisong.app/en/style/bachata-sensual
"Balada ""I Want"" (estilo cuento)",Ballads That Break the Sky,78,24,91,"Animated-film I Want Ballad, sparkling orchestra, hopeful building melody, soaring earnest vocals, Disney-style dream ballad, magical and uplifting",[Intro] → [Verse] longing → [Pre-Chorus] → [Chorus] dreamy → [Bridge] → [Final Chorus] triumphant,https://musaisong.app/en/style/balada-i-want
Balada de Boda,Ballads That Break the Sky,70,18,92,"Wedding Ballad, gentle piano, warm strings, tender then soaring vocals, first-dance love ballad, romantic and grand",[Piano Intro] → [Verse] → [Chorus] → [Verse 2] → [Final Chorus with Strings],https://musaisong.app/en/style/balada-de-boda
Balada Grupera,Rain Romance,95,14,94,"Balada Grupera, synth pads, accordion touches, steady cumbia-ballad beat, heartfelt romantic vocals, Mexican popular romance, warm and accessible",[Intro] → [Verse] → [Chorus] → [Verse 2] → [Final Chorus],https://musaisong.app/en/style/balada-grupera
Balada K-Pop,Rain Romance,74,22,90,"K-Ballad, emotional piano, swelling strings, polished powerful Korean vocals, dramatic build, K-pop OST love ballad, cinematic and heartfelt",[Intro] piano → [Verse] → [Pre-Chorus] → [Chorus] powerful → [Bridge] → [Final Chorus],https://musaisong.app/en/style/balada-kpop
Balada Operática-Pop,Ballads That Break the Sky,70,26,93,"Operatic Pop Ballad, sweeping orchestra, operatic tenor crossover vocals, grand dynamics, classical-pop crossover anthem, majestic and emotional",[Intro] strings → [Verse] → [Chorus] operatic → [Verse 2] → [Final Chorus] colossal,https://musaisong.app/en/style/balada-operatica-pop
Balada Pop Latina,Ballads That Break the Sky,80,30,92,"Latin Pop Ballad, piano, strings, modern pop drums, emotive powerful Spanish vocals, radio anthem ballad, heartfelt and grand",[Intro] piano → [Verse] → [Pre-Chorus] → [Chorus] big → [Verse 2] → [Bridge] → [Final Chorus],https://musaisong.app/en/style/balada-pop-latina
Balada Pop Romántica,Rain Romance,76,16,92,"Romantic Pop Ballad, piano, soft strings, gentle build, emotive clear vocals, radio love ballad, heartfelt and accessible",[Intro] piano → [Verse] → [Pre-Chorus] → [Chorus] → [Verse 2] → [Final Chorus],https://musaisong.app/en/style/balada-pop-romantica
Balada Rock en Español,Ballads That Break the Sky,78,26,92,"Spanish Rock Ballad, clean and distorted guitars, building drums, raspy emotional Spanish vocals, Ibero rock power ballad, anthemic and heartfelt",[Intro] guitar → [Verse] → [Pre-Chorus] → [Chorus] with guitars → [Solo] → [Final Chorus],https://musaisong.app/en/style/balada-rock-espanol
Balkan Brass,Roots That Hold Fast,145,24,95,"Balkan Brass Band, frantic trumpets, tuba, snare, fast odd-meter rhythms, festive shouting vocals, Roma Balkan folk, explosive and joyous",[Intro] brass → [Theme A] → [Theme B] accelerating → [Solo] trumpet → [Outro] chaotic festive,https://musaisong.app/en/style/balkan-brass
Ballet Clásico,Hall of Centuries,92,18,96,"Classical Ballet, graceful orchestra, dancing strings, delicate woodwinds, sweeping romantic themes, Tchaikovsky style, elegant and magical",[Entrance] → [Adagio] → [Variation] → [Coda] brilliant,https://musaisong.app/en/style/ballet-clasico
Banda Sinaloense Romántica,Roots That Hold Fast,120,10,100,"Banda Sinaloense, Regional Mexicano, tuba bass lines, tarolas, clarinets, charchetas, powerful romantic male vocals, brass-driven, danceable romantic",[Intro] full brass → [Verse] → [Chorus] singalong → [Verse 2] → [Bridge] clarinet solo → [Final Chorus] with shout → outro,https://musaisong.app/en/style/banda-romantica
Baroque Pop,Fog and Nostalgia,100,30,93,"Baroque Pop, harpsichord, ornate strings, French horn, melodic vocals, 60s-influenced ornate pop, elegant and nostalgic",[Intro] harpsichord → [Verse] → [Chorus] → [Verse 2] → [Bridge] → [Final chorus],https://musaisong.app/en/style/baroque-pop
Barroco para Clavecín,Hall of Centuries,100,18,97,"Baroque, harpsichord, string ensemble, intricate counterpoint, ornamented melodies, Bach-Vivaldi style, elegant and precise",[Ritornello] → [Episode] → [Ritornello] → [Episode] → [Final ritornello],https://musaisong.app/en/style/barroco-clavecin
Bebop,Smoke and Midnight,200,34,95,"Bebop, fast virtuosic saxophone and trumpet lines, walking bass, intricate ride cymbal, rapid chord changes, 40s bebop, virtuosic and electric",[Head] → [Solo] fast sax → [Solo] trumpet → [Solo] piano → [Final head],https://musaisong.app/en/style/bebop
Bedroom Indie,Electric Roads,110,36,88,"Bedroom Indie, lo-fi warm guitars, soft drum machine, hazy intimate vocals, homemade DIY production, dreamy indie, cozy and tender",[Intro] guitar → [Verse] → [Chorus] → [Verse 2] → [Outro] soft,https://musaisong.app/en/style/bedroom-indie
Bedroom Pop,Summer Sun,100,30,90,"Bedroom Pop, lo-fi warm production, soft synths, jangly guitar, intimate dreamy vocals, DIY indie-pop, cozy and sunny-hazy",[Intro] → [Verse] → [Chorus] → [Verse 2] → [Soft outro],https://musaisong.app/en/style/bedroom-pop-sol-de-verano
Bedroom Pop,Fog and Nostalgia,105,36,89,"Bedroom Pop, lo-fi warm guitars and synths, soft drum machine, intimate hazy vocals, homemade dreamy production, cozy and wistful",[Intro] → [Verse] → [Chorus] → [Verse 2] → [Outro] soft,https://musaisong.app/en/style/bedroom-pop
Bedroom R&B,Rain Romance,66,36,89,"Bedroom R&B, lo-fi warm production, soft tape hiss, mellow chords, breathy intimate vocals, homemade love song, cozy and tender",[Intro] → [Verse] → [Chorus] → [Verse 2] → [Soft outro],https://musaisong.app/en/style/bedroom-rnb
Bhajan Devocional,Sacred Ground,84,22,94,"Hindu Bhajan, harmonium, tabla, dholak, sweet devotional Hindi vocals, repeating uplifting refrains, temple devotion, tender and joyful",[Harmonium intro] → [Verse] → [repeated Chorus] → [acceleration] → [final chorus],https://musaisong.app/en/style/musica-devocional-bhajan
Bhangra,Distant Worlds,140,20,93,"Bhangra, booming dhol drum, tumbi, energetic Punjabi vocals, festive call-outs, North Indian harvest dance, explosive and joyous",[Dhol intro] → [Verse] → [Chorus] → [Percussion break] → [Final chorus],https://musaisong.app/en/style/bhangra
Big Band,Smoke and Midnight,145,24,94,"Big Band, full brass and saxophone sections, swinging rhythm, powerful arranged horn riffs, dynamic shout chorus, classic big band, grand and energetic",[Intro] brass → [Theme] → [Solo] → [Shout chorus] powerful → [Final theme],https://musaisong.app/en/style/big-band
Big Room EDM,Machines That Dream,128,24,90,"Big Room EDM, massive festival kick, huge anthemic synth leads, simple powerful drops, mainstage energy, big room house, huge and euphoric",[Intro] → [Build] → [Drop] huge → [Break] → [Final drop],https://musaisong.app/en/style/big-room-edm
Black Metal,Storm and Steel,190,36,93,"Black Metal, tremolo-picked guitars, blast beats, raspy shrieked vocals, cold atmospheric texture, icy frostbitten metal, raw and majestic",[Intro] atmosphere → [Verse] tremolo → [Riff] → [Verse 2] → [Outro] cold,https://musaisong.app/en/style/black-metal
Blackgaze,Storm and Steel,150,38,89,"Blackgaze, tremolo-picked shimmering guitars, blast beats, distant ethereal screams, atmospheric shoegaze wall of sound, black metal meets shoegaze, beautiful and overwhelming",[Intro] atmosphere → [Build] tremolo → [Climax] wall of sound → [Calm] → [Final climax],https://musaisong.app/en/style/blackgaze
Blue-Eyed Soul,Rain Romance,80,18,92,"Blue-Eyed Soul, warm horns, electric piano, tight groove, smooth heartfelt pop-soul vocals, 70s-80s romantic soul, polished and warm",[Intro] → [Verse] → [Chorus] → [Verse 2] → [Bridge] → [Final chorus],https://musaisong.app/en/style/blue-eyed-soul
Bluegrass,Dust and Highway,140,25,92,"Bluegrass, lightning banjo rolls, fiddle, mandolin chop, upright bass, high lonesome harmonies, Appalachian energy, virtuosic acoustic",[Instrumental Intro] → [Verse] → [Chorus] → [Banjo Solo] → [Verse 2] → [Fiddle Solo] → [Final Chorus],https://musaisong.app/en/style/plv-bluegrass
Bluegrass,Roots That Hold Fast,165,16,97,"Bluegrass, banjo, fiddle, mandolin, upright bass, high lonesome harmony vocals, Appalachian American folk, fast and virtuosic",[Intro] banjo → [Verse] → [Chorus] harmonies → [Breakdown] trading solos → [Final chorus],https://musaisong.app/en/style/bluegrass
Blues Clásico,Smoke and Midnight,75,26,95,"Classic Blues, expressive electric guitar, walking bass, Hammond organ, soulful raspy vocals, twelve-bar blues, raw and heartfelt",[Intro] guitar → [Verse 1] → [Verse 2] → [Solo] guitar → [Final verse],https://musaisong.app/en/style/blues-clasico
Blues Rock,Electric Roads,110,24,93,"Blues Rock, soulful electric guitar, walking bass, shuffle drums, gritty heartfelt vocals, expressive guitar solos, classic blues-rock, raw and warm",[Intro] guitar → [Verse] → [Chorus] → [Solo] heartfelt → [Verse 2] → [Final chorus],https://musaisong.app/en/style/blues-rock
Bolero Clásico,Rain Romance,72,12,99,"Bolero, nylon guitar, soft strings, brushed percussion, velvet crooning male vocals, golden-age Latin romance, intimate and timeless",[Intro] guitar → [Verse] → [Chorus] surrendered → [Verse 2] → [Bridge] → [Final chorus suspended],https://musaisong.app/en/style/bolero-clasico
Bolero Ranchero,Roots That Hold Fast,70,12,97,"Bolero Ranchero, mariachi backing, romantic crooning male vocals, trumpets and strings, slow passionate ballad, golden age Mexican romance",[Intro] slow trumpet → [Verse] → [Chorus] surrendered → [Verse 2] → [Bridge] → [Final chorus] stretched,https://musaisong.app/en/style/bolero-ranchero
Bollywood Filmi,Distant Worlds,120,22,95,"Bollywood Filmi, lush strings, dholak and tabla, electronic beats, playback vocals, fusion of Indian classical and pop, cinematic dance, colorful and euphoric",[Orchestral intro] → [Verse] → [Dance chorus] → [Dance interlude] → [Massive final chorus],https://musaisong.app/en/style/bollywood-filmi
Bomba y Plena,The Party That Never Ends,110,18,94,"Bomba y Plena, barril drums, panderos, güiro, call and response Afro-Puerto Rican vocals, festive roots percussion, proud and communal",[Intro] barrel drums → [Call] → [Chorus response] → [Repique] → [Final chorus],https://musaisong.app/en/style/bomba-plena
Boogie-Woogie,Smoke and Midnight,160,26,92,"Boogie-Woogie, rolling left-hand piano bass, energetic right-hand riffs, driving rhythm, joyful piano solo, classic boogie piano, lively and fun",[Intro] piano → [Theme] → [Variation] → [Solo] → [Final Theme],https://musaisong.app/en/style/boogie-woogie
Boom Bap,Street and Verse,90,20,98,"Boom Bap, dusty vinyl drum break, jazzy soul samples, deep bassline, scratches, sharp lyrical male flow, 90s East Coast hip-hop, raw and timeless",[Intro] scratch → [Verse 1] → [Hook] → [Verse 2] → [Hook] → [Verse 3] → outro,https://musaisong.app/en/style/boom-bap
Boom Bap Latino,Street and Verse,90,22,91,"Latin Boom Bap, dusty drum break, Latin soul and salsa samples, deep bass, skilled Spanish lyrical flow, Ibero-American golden-era rap, warm and raw",[Intro] sample → [Verse 1] → [Hook] → [Verse 2] → [Hook] → [Verse 3] → outro,https://musaisong.app/en/style/boom-bap-latino
Bossa Nova,Smoke and Midnight,130,26,95,"Bossa Nova, nylon guitar, soft brushed drums, gentle piano, smooth whispered Portuguese vocals, Rio sophistication, breezy and elegant",[Intro] guitar → [Verse] → [Chorus] → [Piano Solo] → [Final Verse],https://musaisong.app/en/style/bossa-nova
Bossa Romántica,Rain Romance,70,24,95,"Romantic Bossa Nova, nylon guitar, soft brushed drums, gentle piano, whispered intimate Portuguese vocals, Rio beach romance, breezy and sensual",[Intro] guitar → [Verse] → [Chorus] → [Verse 2] → [Soft Final Chorus],https://musaisong.app/en/style/bossa-romantica
Breakbeat,Machines That Dream,130,28,90,"Breakbeat, chopped funky breakbeats, deep bass, energetic synth stabs, rave energy, classic big beat breakbeat, funky and driving",[Intro] → [Build] → [Drop] break → [Break] → [Final Drop],https://musaisong.app/en/style/breakbeat
Breakcore,The Edge of the Map,180,70,92,"Breakcore, frantic chopped amen breaks, distorted bass, hyperspeed drum edits, chaotic energy, intense and overwhelming, controlled mayhem",[Build] → [chopped amen break] → [rhythmic chaos] → [break] → [frantic climax],https://musaisong.app/en/style/breakcore
Britpop,Electric Roads,120,24,94,"Britpop, bright chiming guitars, melodic bass, anthemic singalong choruses, swaggering British vocals, 90s UK rock, catchy and confident",[Intro] guitar → [Verse] → [Singalong Chorus] → [Verse 2] → [Bridge] → [Final Chorus],https://musaisong.app/en/style/britpop
Bubblegum Pop,Summer Sun,130,14,92,"Bubblegum Pop, super catchy simple melody, handclaps, bright synths, cheerful sweet vocals, candy pop, innocent and joyful",[Intro] → [Verse] → [Catchy Chorus] → [Verse 2] → [Final Chorus],https://musaisong.app/en/style/bubblegum-pop
Cabaret,Smoke and Midnight,110,28,92,"Cabaret, theatrical piano, accordion, dramatic expressive vocals, sultry stage presence, Weimar-style cabaret, sultry and dramatic",[Intro] piano → [Verse] → [Theatrical Chorus] → [Verse 2] → [Dramatic Finale],https://musaisong.app/en/style/cabaret
Cajun,Roots That Hold Fast,130,16,94,"Cajun music, accordion, fiddle, triangle, French Louisiana vocals, two-step dance rhythm, bayou folk, joyful and rustic",[Intro] accordion → [Verse] → [Chorus] → [Instrumental] fiddle → [Final Chorus],https://musaisong.app/en/style/cajun
Calypso,The Party That Never Ends,120,16,93,"Calypso, steel pan, guitar, light percussion, witty storytelling vocals, Caribbean island folk-pop, sunny and playful",[Intro] steel pan → [Verse] → [Chorus] → [Verse 2] → [Final Chorus],https://musaisong.app/en/style/calypso
Canción Melódica,Rain Romance,82,16,93,"Canción Melódica, orchestral pop, lush strings, dramatic crooning vocals, 70s Latin balladeer style, grand romantic and sentimental","[Intro] strings → [Verse] → [Chorus] → [Verse 2] → [Final Chorus, held out]",https://musaisong.app/en/style/cancion-melodica
Cantata Barroca,Hall of Centuries,84,20,95,"Baroque Cantata, small choir, strings, harpsichord continuo, solo voice arias, Bach style, devout and intricate",[Opening Chorus] → [Recitative] → [Aria] → [Final Chorale],https://musaisong.app/en/style/cantata-barroca
Cánticos de Taizé,Sacred Ground,60,18,94,"Taizé Chant, repetitive meditative ostinato, soft choir, gentle strings, candlelit prayer, ecumenical Christian meditation, peaceful and luminous",[Repeated phrase] → [voices join in] → [full harmony] → [rest] → [serene return],https://musaisong.app/en/style/canticos-taize
Canto Bizantino,Sacred Ground,54,24,95,"Byzantine Chant, monophonic vocals over ison drone, microtonal ornamented melody, no instruments, Eastern Orthodox sacred, ancient and mystical",[Ison drone] → [ornamented melody] → [modal development] → [cadence] → [echo],https://musaisong.app/en/style/canto-ortodoxo-bizantino
Canto Budista Tibetano,Sacred Ground,48,30,96,"Tibetan Buddhist Chant, deep overtone throat chanting, singing bowls, low horns, ritual bells, drone, Himalayan sacred, profound and meditative",[Bass drone] → [overtone chanting] → [bowls and bells] → [deepening] → [resonant silence],https://musaisong.app/en/style/canto-budista-tibetano
Canto Chamánico,Sacred Ground,72,30,93,"Shamanic Ceremonial Chant, soft icaro melody, leaf rattle, gentle whistling, nature ambience, Amazonian healing ceremony, mystical and grounding",[Natural ambience] → [ícaro melody] → [rattle] → [deepening] → [serene return],https://musaisong.app/en/style/canto-chamanico
Canto de Sanación,Sacred Ground,56,28,93,"Healing Sound Chant, sustained vocal tones, crystal bowls, soft drone, gentle wordless harmonies, sound-healing therapy, soothing and restorative",[Sustained tone] → [crystal bowls] → [soft harmonies] → [healing deepening] → [silence],https://musaisong.app/en/style/canto-de-sanacion
Canto Difónico Mongol,Distant Worlds,64,40,94,"Mongolian Throat Singing, khoomei overtone vocals, morin khuur horsehead fiddle, deep drone, vast open phrasing, Central Asian, ancient and otherworldly",[Vocal drone] → [overtones] → [morin khuur enters] → [development] → [final echo],https://musaisong.app/en/style/mongolian-khoomei
Canto Gregoriano,Sacred Ground,50,22,97,"Gregorian Chant, monophonic male choir, free flowing Latin plainchant, no instruments, cathedral reverb, medieval sacred, serene and timeless",[Unison entrance] → [free phrase] → [phrase] → [suspended cadence] → [final echo],https://musaisong.app/en/style/canto-gregoriano
Canto Sefardí Sacro,Sacred Ground,70,24,94,"Sephardic Sacred Song, oud, frame drum, ney, ornamented Ladino vocals, Mediterranean Jewish liturgical, ancient and tender",[Oud intro] → [Verse] → [Ornamented chorus] → [Verse 2] → [Serene cadence],https://musaisong.app/en/style/canto-sefardi-sacro
Cantopop,Summer Sun,104,18,92,"Cantopop, glossy 80s-90s production, bright synths, emotive melodic Cantonese vocals, catchy hooks, Hong Kong pop, stylish and nostalgic",[Intro] → [Verse] → [Pre-chorus] → [Chorus] → [Verse 2] → [Final chorus],https://musaisong.app/en/style/cantopop
Canzone Italiana,Rain Romance,78,18,94,"Canzone Italiana, sweeping strings, piano, dramatic passionate Italian vocals, Sanremo-style romantic ballad, grand and heartfelt",[Piano intro] → [Verse] → [Elevated chorus] → [Verse 2] → [Final chorus with modulation],https://musaisong.app/en/style/canzone-italiana
Carnática,Distant Worlds,90,30,96,"Carnatic Classical, veena, violin, mridangam, intricate rhythmic cycles, ornamented improvised vocals, South Indian classical, virtuosic and devotional",[Alapana] → [Kriti] → [Niraval improvisation] → [Swarakalpana] → [Tani Avartanam percussion],https://musaisong.app/en/style/carnatic
Celtic Folk,Roots That Hold Fast,110,18,96,"Celtic Folk, fiddle, tin whistle, bodhrán, acoustic guitar, soaring female vocals, Irish and Scottish folk, epic and nostalgic",[Tin whistle intro] → [Verse] → [Elevated chorus] → [Fiddle instrumental] → [Final chorus],https://musaisong.app/en/style/celtic-folk
Ceremonial Nativo,Sacred Ground,80,28,93,"Native Ceremonial, frame drum steady heartbeat, vocables chanting, rattles, wooden flute, indigenous sacred ceremony, grounding and reverent",[Heartbeat drum] → [vocable chant] → [flute] → [ceremonial climax] → [return to earth],https://musaisong.app/en/style/canto-nativo-ceremonial
Cha-Cha-Chá,The Party That Never Ends,120,12,95,"Cha-Cha-Chá, charanga flute and violins, piano, güiro, playful clear vocals, Cuban dance, light and elegant",[Flute intro] → [Verse] → [Chorus] → [Flute instrumental] → [Final chorus],https://musaisong.app/en/style/cha-cha-cha
Chamber Pop,Fog and Nostalgia,95,30,93,"Chamber Pop, lush orchestral strings, woodwinds, gentle piano, tender intricate vocals, ornate indie arrangements, lush and wistful",[String intro] → [Verse] → [Orchestral chorus] → [Verse 2] → [Bridge] → [Final chorus],https://musaisong.app/en/style/chamber-pop
Champeta,The Party That Never Ends,100,20,92,"Champeta, picó sound-system bass, African-influenced guitar, güiro, energetic Afro-Colombian vocals, Cartagena street music, hot and danceable",[Guitar intro] → [Verse] → [Chorus] → [Despeluque instrumental] → [Final chorus],https://musaisong.app/en/style/champeta
Chanson d'Amour,Rain Romance,80,22,94,"French Chanson, accordion, upright bass, soft piano, expressive intimate French vocals, Parisian café romance, elegant and nostalgic",[Accordion intro] → [Verse] → [Chorus] → [Verse 2] → [Final chorus],https://musaisong.app/en/style/chanson-amour
Chicago Blues,Smoke and Midnight,90,26,93,"Chicago Blues, amplified electric guitar, harmonica, walking bass, steady backbeat, gritty soulful vocals, electric urban blues, raw and powerful",[Intro] harmonica → [Verse 1] → [Verse 2] → [Solo] guitar → [Final Verse],https://musaisong.app/en/style/chicago-blues
Chillhop,Breathing Silence,85,28,87,"Chillhop, smooth jazzy keys, soft hip-hop beat, mellow bass, gentle melodic samples, laid-back chillhop, relaxed and warm",[Intro] → [Loop] → [Instrumental Verse] → [Final Loop],https://musaisong.app/en/style/chillhop
Chillout,Breathing Silence,95,30,86,"Chillout, smooth downtempo beat, warm pads, soft bass, gentle melodic elements, relaxed lounge electronica, mellow and warm",[Intro] → [Soft Groove] → [Theme] → [Break] → [Final Groove],https://musaisong.app/en/style/chillout
Chillwave,Fog and Nostalgia,105,38,91,"Chillwave, hazy nostalgic synths, washed-out vocals, retro tape warmth, dreamy summer haze, glo-fi, nostalgic and dreamy",[Intro] synths → [Verse] → [Chorus] → [Verse 2] → [Outro] faded,https://musaisong.app/en/style/chillwave
Chiptune Experimental,The Edge of the Map,140,60,90,"Experimental Chiptune, 8-bit square waves, complex arpeggios, glitchy chip arrangements, retro-game textures pushed to extremes, nostalgic and frenetic",[Chip Arpeggio] → [8-bit Melody] → [Chiptune Glitch] → [Complex Climax] → [Game-Over Outro],https://musaisong.app/en/style/chiptune-experimental
Cinematic Ballad,Ballads That Break the Sky,70,32,92,"Cinematic Ballad, ambient piano, swelling cinematic strings, deep sub hits, ethereal then powerful vocals, movie-soundtrack ballad, epic and emotional",[Intro] ambient → [Verse] → [Cinematic Build] → [Chorus] → [Orchestral Climax] → [Outro],https://musaisong.app/en/style/cinematic-ballad
City Pop,Summer Sun,112,22,95,"City Pop, funky bass, jazzy chords, bright horns, lush 80s production, smooth upbeat Japanese vocals, Tokyo summer groove, sophisticated and sunny",[Groove Intro] → [Verse] → [Pre-Chorus] → [Chorus] → [Verse 2] → [Sax Solo] → [Final Chorus],https://musaisong.app/en/style/city-pop
City Pop Ballad,Rain Romance,85,26,91,"City Pop ballad, lush 80s synths, smooth electric piano, gated reverb drums, silky Japanese vocals, Tokyo night romance, nostalgic and dreamy",[Intro] synths → [Verse] → [Chorus] → [Verse 2] → [Sax Solo] → [Final Chorus],https://musaisong.app/en/style/city-pop-ballad
Clásica Persa,Distant Worlds,68,28,95,"Persian Classical, santur, setar, tar, tombak, ornamented improvised vocals on dastgah modes, refined Iranian classical, poetic and mystical",[Pishdaramad] → free-form [Avaz] vocal → [Tasnif] → [Reng] → modal [cadence],https://musaisong.app/en/style/musica-persa-clasica
Clásico Otomano,Distant Worlds,70,26,95,"Ottoman Classical, ney flute, kanun, tanbur, percussion, refined makam melodies, courtly Turkish classical, elegant and mystical",[Ney taksim] → [Peşrev] → [main theme] → [Saz semaisi] → [cadenza],https://musaisong.app/en/style/turco-clasico-otomano
Classic Country,Dust and Highway,92,12,92,"Classic Country, warm male vocals, twangy Telecaster, pedal steel, upright bass, brushed drums, honest storytelling, 60s Nashville warmth",[Intro] → [Verse] → [Chorus] → [Verse 2] → [Chorus] → [Bridge] → [Final Chorus],https://musaisong.app/en/style/plv-classic-country
Cloud Rap,Asphalt and Diamonds,126,58,78,"Cloud Rap, dreamy washed-out synths, hazy reverb vocals, floating melody, lo-fi drums, ethereal internet-era vibe",[Ethereal intro] → [Verse] → [Floating hook] → [Verse 2] → [Hook] → [Dissolution],https://musaisong.app/en/style/asf-cloud-rap
Cloud Rap,Street and Verse,70,38,89,"Cloud Rap, ethereal hazy synths, reverb-drenched 808s, dreamy washed-out atmosphere, mumbled melodic flow, atmospheric trap, floaty and surreal",[Intro] pads → [Verse] → [Hook] → [Verse 2] → [Outro] ethereal,https://musaisong.app/en/style/cloud-rap
Coldwave,Fog and Nostalgia,120,34,90,"Coldwave, icy minimal synths, cold drum machine, detached melancholic vocals, stark atmospheric post-punk, cold and dreamy",[Intro] → [Verse] → [Chorus] → [Verse 2] → cold [Outro],https://musaisong.app/en/style/coldwave
Concierto para Piano,Hall of Centuries,76,20,97,"Romantic Piano Concerto, virtuosic grand piano, full orchestra, dramatic interplay, sweeping melodies, 19th-century concerto, passionate and grand",[Tutti] orchestra → [Piano entrance] → [Piano-orchestra dialogue] → [Cadenza] solo virtuoso → [Coda] tutti,https://musaisong.app/en/style/concierto-piano-romantico
Concierto para Violín,Hall of Centuries,80,18,96,"Violin Concerto, virtuosic solo violin, full orchestra, soaring lyrical melodies, dramatic cadenza, romantic concerto, passionate and brilliant",[Tutti] → [Violin solo] → [Dialogue] → [Cadenza] → brilliant [Coda],https://musaisong.app/en/style/concierto-violin
Conscious Hip-Hop,Asphalt and Diamonds,86,34,86,"Conscious Hip-Hop, thoughtful storytelling flow, soulful sample, live bass, powerful message delivery, jazz-tinged introspection",[Vocal intro] → [Verse] → [Hook] → [Verse 2] → [Hook] → [Climax verse 3] → [Reflective outro],https://musaisong.app/en/style/asf-conscious
Conscious Hip-Hop,Street and Verse,88,24,94,"Conscious Hip-Hop, warm soul and jazz samples, live bass, thoughtful intricate lyrical flow, socially aware delivery, uplifting and reflective",[Intro] → [Verse 1] → [Hook] → [Verse 2] → [Hook] → reflective [Verse 3] → outro,https://musaisong.app/en/style/conscious-hiphop
Cool Jazz (West Coast),Smoke and Midnight,110,28,93,"West Coast Cool Jazz, relaxed light arrangements, flute and muted trumpet, subtle counterpoint, laid-back swing, 50s cool jazz, breezy and refined",[Theme] → [Trumpet solo] → [Flute solo] → [Final theme],https://musaisong.app/en/style/cool-jazz-west-coast
Corrido Tumbado,Roots That Hold Fast,98,18,95,"Corridos Tumbados, Regional Mexicano moderno, requinto guitar lead, charchetas, tololoche bass, trombones, relaxed confident young male vocals, acoustic urban fusion",[Intro] requinto solo → relaxed [Verse] → [Verse 2] → memorable [Chorus] → [Verse 3] → [Chorus] → requinto outro,https://musaisong.app/en/style/corrido-tumbado
Country Ballad,Ballads That Break the Sky,72,22,94,"Country Ballad, acoustic guitar, pedal steel, fiddle, warm storytelling vocals, Nashville heartbreak ballad, sincere and emotional",[Intro] pedal steel → [Verse] → [Chorus] → [Verse 2] → [Bridge] → [Final chorus],https://musaisong.app/en/style/country-ballad
Country Ballad,Dust and Highway,68,14,90,"Country Ballad, tender emotional vocals, weeping pedal steel, soft piano, slow 6/8 sway, heartfelt confession, tears-on-the-jukebox",[Steel Intro] → [Verse] → [Chorus] → [Verse 2] → [Chorus] → [Bridge] → [Soft Final Chorus],https://musaisong.app/en/style/plv-country-ballad
Country Blues,Dust and Highway,82,26,88,"Country Blues, gravelly vocals, acoustic slide guitar, foot stomp, front porch rawness, Delta dust meets hillbilly soul",[Slide Intro] → [Verse] → [Chorus] → [Verse 2] → [Slide Solo] → [Final Chorus],https://musaisong.app/en/style/plv-country-blues
Country Duet,Dust and Highway,94,16,88,"Country Duet, male and female vocals trading verses, harmonized chorus, acoustic warmth, romantic chemistry, call-and-response",[Intro] → [His Verse] → [Her Verse] → [Chorus Together] → [Alternating Verse] → [Bridge] → [Final Chorus Together],https://musaisong.app/en/style/plv-country-duet
Country Gospel,Dust and Highway,84,15,89,"Country Gospel, soulful lead vocals, church choir harmonies, Hammond organ, acoustic guitar, uplifting Sunday morning spirit, hand claps",[Organ Intro] → [Verse] → [Chorus] → [Verse 2] → [Chorus with Choir] → [Bridge] → [Glorious Final Chorus],https://musaisong.app/en/style/plv-country-gospel
Country Pop,Dust and Highway,104,15,88,"Country Pop, bright female vocals, acoustic guitar loop, polished production, catchy radio chorus, banjo accents, feel-good Nashville shine",[Intro] → [Verse] → [Pre-chorus] → [Chorus] → [Verse 2] → [Chorus] → [Bridge] → [Final chorus],https://musaisong.app/en/style/plv-country-pop
Country Rock,Dust and Highway,116,20,87,"Country Rock, driving electric guitars, southern twang vocals, Hammond organ, highway rhythm, 70s California canyon sound",[Intro riff] → [Verse] → [Chorus] → [Verse 2] → [Chorus] → [Guitar solo] → [Final chorus],https://musaisong.app/en/style/plv-country-rock
Country Soul,Dust and Highway,90,24,89,"Country Soul, powerhouse soulful vocals, horns section, twangy guitar, Muscle Shoals groove, sweat and heartache blend",[Organ intro] → [Verse] → [Chorus] → [Verse 2] → [Chorus] → [Soul bridge] → [Final chorus],https://musaisong.app/en/style/plv-country-soul
Country Waltz,Dust and Highway,90,12,89,"Country Waltz, gentle 3/4 sway, tender vocals, fiddle waltz melody, accordion touch, slow-dance under barn lights",[Intro] → [Verse] → [Chorus] → [Verse 2] → [Chorus] → [Waltz instrumental] → [Final chorus],https://musaisong.app/en/style/plv-country-waltz
Cowboy Western,Dust and Highway,76,32,89,"Cowboy Western, deep campfire vocals, whistling melody, spanish guitar, desert reverb, clip-clop rhythm, Morricone-tinged frontier",[Whistle intro] → [Verse] → [Chorus] → [Verse 2] → [Desert interlude] → [Final chorus],https://musaisong.app/en/style/plv-cowboy-western
Crunk Revival,Asphalt and Diamonds,148,38,83,"Crunk, shouted call-and-response hooks, aggressive synth stabs, pounding club drums, mosh-pit hype, get-loud anthem",[Intro shout] → [Verse] → [Shouted hook] → [Verse 2] → [Hook] → [Breakdown] → [Final hook],https://musaisong.app/en/style/asf-crunk
Cuarteto Cordobés,The Party That Never Ends,130,16,92,"Cuarteto, accordion, piano tunga-tunga rhythm, bass, cheerful catchy vocals, Argentine Córdoba dance, bouncy and festive",[Intro] tunga-tunga piano → [Verse] → [Chorus] → [Verse 2] → [Final chorus],https://musaisong.app/en/style/cuarteto-cordobes
Cuarteto de Cuerdas,Hall of Centuries,80,18,96,"String Quartet, two violins, viola, cello, intimate counterpoint, expressive interplay, classical chamber music, refined and emotional",[Allegro] → lyrical [Adagio] → [Minuet] → lively [Finale],https://musaisong.app/en/style/cuarteto-cuerdas
Cuarteto Gospel del Sur,Sacred Ground,96,16,94,"Southern Gospel Quartet, four-part male harmony, piano, warm close harmonies, joyful praise, traditional white gospel, heartfelt and uplifting",[Piano intro] → [Verse] → [Harmony chorus] → [Verse 2] → [Final chorus],https://musaisong.app/en/style/gospel-southern-quartet
Cumbia Norteña,The Party That Never Ends,95,12,97,"Cumbia Norteña, accordion, bajo sexto, güira, steady cumbia beat, warm danceable male vocals, Mexican northern cumbia, festive and catchy",[Intro] accordion → [Verse] → [Chorus] → [Instrumental] accordion → [Final chorus],https://musaisong.app/en/style/cumbia-nortena
Cumbia Peruana (Chicha),The Party That Never Ends,110,20,94,"Chicha, Peruvian Cumbia, surf-style electric guitar, farfisa organ, güiro, bright tropical vocals, Amazonian psychedelic cumbia, sunny and trippy",[Intro] surf guitar → [Verse] → [Chorus] → [Instrumental] guitar → [Final chorus],https://musaisong.app/en/style/cumbia-chicha
Cumbia Sonidera,The Party That Never Ends,90,18,92,"Cumbia Sonidera, echo-drenched synths, güira, slowed groovy beat, sonido system shoutouts, Mexico City street cumbia, hypnotic and warm",[Intro] echo effects → [Verse] → [Chorus] → [Instrumental] reverb → [Final chorus],https://musaisong.app/en/style/cumbia-sonidera
Cumbia Villera,The Party That Never Ends,100,16,92,"Cumbia Villera, synth keyboard, güira, steady beat, raw streetwise male vocals, Argentine barrio cumbia, gritty and danceable",[Intro] keyboard → [Verse] → [Chorus] → [Verse 2] → [Final chorus],https://musaisong.app/en/style/cumbia-villera
Currulao del Pacífico,Roots That Hold Fast,120,22,93,"Currulao, marimba de chonta, cununo drums, guasá, Afro-Colombian female call and response vocals, Pacific coast folk, hypnotic and ancestral",[Intro] marimba → [Call] → [Response] chorus → [Instrumental] → [Final chorus],https://musaisong.app/en/style/currulao-pacifico
Dance Pop,Summer Sun,124,20,94,"Dance Pop, pumping four-on-the-floor, bright synth stabs, big drops, energetic catchy vocals, club-pop crossover, euphoric and polished",[Intro] → [Verse] → [Pre/build] → [Drop/chorus] → [Verse 2] → [Final drop],https://musaisong.app/en/style/dance-pop
Dance-Punk,Electric Roads,128,30,90,"Dance-Punk, angular funky guitars, driving disco-punk bass, four-on-the-floor drums, cool shouted vocals, punk-funk dance, edgy and danceable",[Intro] bass → [Verse] → [Chorus] → [Verse 2] → [Break] → [Final chorus],https://musaisong.app/en/style/dance-punk
Dancehall,The Party That Never Ends,100,20,94,"Dancehall, digital riddim, heavy bass, patois toasting vocals, catchy melodic hooks, Jamaican dance music, bouncy and hot",[Intro] riddim → [Verse] toasting → [Hook] → [Verse 2] → [Final hook],https://musaisong.app/en/style/dancehall
Dark Ambient,Breathing Silence,55,50,86,"Dark Ambient, deep cavernous drones, subtle ominous textures, distant resonances, vast shadowy space, dark ambient, immersive and mysterious",[Atmosphere] → [Distant textures] → [Deepening] → [Dissolution],https://musaisong.app/en/style/dark-ambient
Dark Ambient / Sound Art,The Edge of the Map,0,66,91,"Dark Ambient, ominous low drones, cavernous reverb, distant metallic echoes, unsettling textures, sound-art atmosphere, eerie and immersive",[Ominous drone] → [Distant echoes] → [Unsettling texture] → [Cavernous climax] → [Dense silence],https://musaisong.app/en/style/dark-ambient-sound-art
Darkgaze,Fog and Nostalgia,105,40,89,"Darkgaze, dark heavy reverb guitars, dense melancholic wall of sound, distant haunting vocals, gloomy shoegaze, dark and overwhelming",[Intro] dark wall → [Verse] → [Chorus] dense → [Verse 2] → [Climax],https://musaisong.app/en/style/darkgaze
Darkwave / EBM,Machines That Dream,130,32,90,"Darkwave EBM, pulsing electronic body-music bass, cold drum machine, dark distorted synths, deep brooding vocals, gothic electronic, dark and driving",[Intro] → [Verse] → [Chorus] → [Verse 2] → [Drop] → [Final Chorus],https://musaisong.app/en/style/darkwave-ebm
Death Metal,Storm and Steel,200,30,94,"Death Metal, heavy down-tuned riffs, blast beats, guttural growls, technical brutal drumming, extreme metal, crushing and powerful",[Intro] → brutal [Verse] → [Riff] → [Verse 2] → technical [Solo] → [Outro],https://musaisong.app/en/style/death-metal
Deathcore,Storm and Steel,150,32,90,"Deathcore, brutal down-tuned riffs, blast beats, guttural growls and high screams, crushing breakdowns, extreme metal-hardcore fusion, brutal and heavy",[Intro] → brutal [Verse] → crushing [Breakdown] → [Verse 2] → [Final Breakdown],https://musaisong.app/en/style/deathcore
Deconstructed Club,The Edge of the Map,130,66,91,"Deconstructed Club, fragmented club rhythms, metallic synths, abstract pop shards, gabber kicks, SOPHIE-PC Music style, futuristic and jarring",[Club Fragment] → [metallic synthesis] → [deconstructed drop] → [silence] → [reconstruction],https://musaisong.app/en/style/deconstructed-club
Deep Ambient,Breathing Silence,50,44,85,"Deep Ambient, immersive deep pads, slow harmonic shifts, subtle sub-bass warmth, vast enveloping space, deep listening ambient, immersive and infinite",[Depth] → [Slow Harmonic Shift] → [Immersion] → [Dissolution],https://musaisong.app/en/style/deep-ambient
Deep House,Machines That Dream,122,24,93,"Deep House, warm deep bassline, soft Rhodes chords, smooth vocal pads, laid-back groove, soulful deep house, warm and hypnotic",[Intro] → [Groove] → [Vocal Verse] → [Break] → [Final Groove],https://musaisong.app/en/style/deep-house
Delta Blues,Smoke and Midnight,80,28,94,"Delta Blues, raw slide acoustic guitar, foot-stomp rhythm, weathered haunting vocals, bottleneck slide, Mississippi country blues, raw and haunting",slide [Intro] → [Verse 1] → [Verse 2] → [Slide] → [Final Verse],https://musaisong.app/en/style/delta-blues
Dembow Dominicano,The Party That Never Ends,115,24,91,"Dembow, hyperactive looped riddim, chopped vocal hooks, raw energetic chants, Dominican street club music, frantic and infectious",loop [Intro] → [Verse] → [Hook] → [Verse 2] → [Final Hook],https://musaisong.app/en/style/dembow-dominicano
Desert Blues Tuareg,Distant Worlds,92,30,94,"Tuareg Desert Blues, hypnotic electric guitar loops, handclaps, djembe, call-and-response Tamasheq vocals, Saharan trance blues, hypnotic and vast",[Hypnotic Riff] → [Verse] → [call-and-response chorus] → [trance groove] → [final chorus],https://musaisong.app/en/style/desert-blues-tuareg
Desert Highway Rock,Dust and Highway,100,34,86,"Desert Highway Rock, hypnotic driving groove, baritone guitar twang, spacious reverb, mirage-like synth pads, road-trip trance",[Atmosphere intro] → [Verse] → [Chorus] → [Verse 2] → [Chorus] → [Desert solo] → [Final chorus],https://musaisong.app/en/style/plv-desert-highway
Detroit Rap,Asphalt and Diamonds,100,40,84,"Detroit Rap, sinister piano loop, punchy off-grid flow, deadpan punchlines, gritty motor city bounce, no-hook aggression",[Piano intro] → [Verse] → [Hook] → [Verse 2] → [Hook] → [Verse 3] → [Outro],https://musaisong.app/en/style/asf-detroit
Digicore,The Edge of the Map,150,62,90,"Digicore, glitchy hyperpop-rap fusion, autotuned emotional vocals, distorted 808s, gaming-era textures, internet-native, chaotic and heartfelt",[Glitch Intro] → [Autotune Verse] → [Drop] → [Verse 2] → [Final Drop],https://musaisong.app/en/style/digicore
Dirty South,Asphalt and Diamonds,136,32,85,"Dirty South, heavy swampy 808s, chant-along hook, southern drawl flow, strip-club bounce, Atlanta heat energy",[Intro] → [Verse] → [Chanted hook] → [Verse 2] → [Hook] → [Breakdown] → [Final hook],https://musaisong.app/en/style/asf-dirty-south
Dirty South,Street and Verse,75,22,92,"Dirty South, heavy 808 bass, slow knocking drums, chanted catchy hooks, crunk energy, Southern US rap, booming and rowdy",[Intro] → [Verse] → [Hook] sung → [Verse 2] → [Final Hook],https://musaisong.app/en/style/dirty-south
Disco,Summer Sun,120,18,95,"Classic Disco, four-on-the-floor beat, funky bass, lush strings, wah guitar, soaring joyful vocals, 70s dancefloor, glittery and euphoric",[Intro] → [Verse] → [Pre-Chorus] → [Chorus] → [String Break] → [Final Chorus],https://musaisong.app/en/style/disco
Disco-Pop Moderno,Summer Sun,116,20,93,"Modern Disco-Pop, nu-disco bass, lush strings, four-on-the-floor, polished confident vocals, retro-modern dancefloor revival, glittery and euphoric",[Intro] → [Verse] → [Pre-Chorus] → [Chorus] → [Verse 2] → [Disco Break] → [Final Chorus],https://musaisong.app/en/style/disco-pop-moderno
Diva Ballad,Ballads That Break the Sky,72,28,95,"Diva Ballad, lush piano and strings, dramatic dynamics, virtuosic whistle-note belting vocals, 90s power diva ballad, jaw-dropping and emotional",[Intro] → [Controlled Verse] → [Chorus] → [Verse 2] → [Bridge] → [Final Chorus] with impossible note,https://musaisong.app/en/style/diva-ballad
Djent,Storm and Steel,130,36,91,"Djent, palm-muted polyrhythmic low riffs, precise tight drumming, ambient clean breaks, atmospheric clean and harsh vocals, modern progressive djent, mechanical and atmospheric",[Atmospheric Intro] → [Polyrhythmic Verse] → [Chorus] → [Atmospheric Break] → [Verse 2] → [Outro],https://musaisong.app/en/style/djent
Doo-Wop,Rain Romance,78,16,94,"Doo-Wop, vocal group harmonies, ""bom bom"" backing vocals, soft saxophone, brushed drums, 50s teenage romance, sweet and nostalgic",[Harmony Intro] → [Verse] → [Chorus] → [Sax Bridge] → [Final Chorus],https://musaisong.app/en/style/doo-wop
Doom Metal,Storm and Steel,70,30,93,"Doom Metal, slow crushing down-tuned riffs, heavy plodding drums, mournful clean or roaring vocals, monolithic heaviness, doom, slow and crushing",[Slow Riff Intro] → [Verse] → [Chorus] → [Monolithic Riff] → [Verse 2] → [Outro],https://musaisong.app/en/style/doom-metal
Downtempo,Breathing Silence,90,32,86,"Downtempo, slow trip-hop beat, deep warm bass, atmospheric pads, subtle melodic textures, mellow downtempo electronica, hypnotic and smooth",[Intro] → [Groove] → [Theme] → [Break] → [Final Groove],https://musaisong.app/en/style/downtempo
Dream Folk,Fog and Nostalgia,85,36,90,"Dream Folk, fingerpicked acoustic guitar, soft strings, ethereal layered vocals, dreamy reverb, atmospheric folk, gentle and otherworldly",[Guitar Intro] → [Verse] → [Ethereal Chorus] → [Verse 2] → [Outro],https://musaisong.app/en/style/dream-folk
Dream Pop,Fog and Nostalgia,110,38,94,"Dream Pop, shimmering chorus-laden guitars, lush synth pads, airy breathy vocals, dreamy reverb, ethereal pop, dreamy and gorgeous",[Intro] → [Verse] → ethereal [Chorus] → [Verse 2] → [Bridge] → [Final Chorus],https://musaisong.app/en/style/dream-pop
Dreamgaze,Fog and Nostalgia,100,40,89,"Dreamgaze, fusion of dream pop melody and shoegaze haze, soft ethereal vocals, lush guitar wash, hazy beauty, dreamy and overwhelming",[Intro] → [Verse] → ethereal [Chorus] → [Verse 2] → [Hazy Climax],https://musaisong.app/en/style/dreamgaze
Drill,Street and Verse,145,26,93,"Drill, sliding 808s, dark sparse piano, skippy syncopated hi-hats, aggressive deadpan flow, UK/Chicago drill, menacing and cold",[Intro] → [Verse 1] → [Hook] → [Verse 2] → [Final Hook],https://musaisong.app/en/style/drill
Drill,Asphalt and Diamonds,142,32,87,"Drill, sliding 808 bass, icy hi-hats, ominous bell melody, aggressive precise flow, gritty street tension",[Intro] → [Verse] → [Hook] → [Verse 2] → [Hook] → [Outro],https://musaisong.app/en/style/asf-drill
Drone,Breathing Silence,50,52,85,"Drone, sustained evolving low tones, deep harmonic resonance, minimal change, meditative immersion, deep drone, hypnotic and immense",[Sustained Tone] → [Slow Harmonic Evolution] → [Dissolution],https://musaisong.app/en/style/drone
Drone Experimental,The Edge of the Map,0,70,91,"Experimental Drone, sustained evolving tones, microtonal beating, dense harmonic layers, slow transformation, deep listening, immersive and vast",[Opening Tone] → [Layering] → [Slow Transformation] → [Peak Density] → [Decay],https://musaisong.app/en/style/drone-experimental
Drone Textural,Breathing Silence,48,50,84,"Textural Drone, layered granular textures, sustained shifting tones, organic crackle, deep immersive resonance, textural ambient drone, immersive and hypnotic",[Texture] → [Granular Layers] → [Evolution] → [Dissolution],https://musaisong.app/en/style/textural-drone
Drum & Bass,Machines That Dream,174,28,94,"Drum and Bass, fast breakbeat drums, deep rolling sub bass, energetic synths, rave energy, liquid and neurofunk elements, fast and powerful",[Intro] → [Build] → breakbeat [Drop] → [Break] → [Final Drop],https://musaisong.app/en/style/drum-and-bass
Drumless Rap,Asphalt and Diamonds,80,64,80,"Drumless Rap, no drums, looping soul sample only, intricate contemplative bars, raw vocal focus, art-rap minimalism",[Loop intro] → [Long verse] → [Breath] → [Verse 2] → [Breath] → [Final verse],https://musaisong.app/en/style/asf-drumless
Dub,Street and Verse,72,30,92,"Dub, heavy reverberant bass, echo and delay effects, sparse drums, melodica, spacey instrumental reggae, hypnotic and deep",[Bass Intro] → [Section A] effects → [Drop] → [Section B] echo → [Outro] reverb,https://musaisong.app/en/style/dub
Dubstep,Machines That Dream,140,32,92,"Dubstep, heavy wobbling bass, half-time drums, aggressive growling synths, massive drops, brostep energy, heavy and explosive",[Intro] → [Build] → brutal wobble [Drop] → [Break] → [Final Drop],https://musaisong.app/en/style/dubstep
Duduk Armenio,Distant Worlds,58,26,95,"Armenian Duduk, mournful duduk double-reed, drone duduk, sparse strings, deeply melancholic phrasing, ancient Caucasus, sorrowful and sacred",[Drone] → [duduk melody] → [mournful development] → [climax] → [final echo],https://musaisong.app/en/style/musica-armenia-duduk
East Coast Hip-Hop,Street and Verse,92,20,95,"East Coast Hip-Hop, gritty boom bap drums, dark jazz piano sample, hard bassline, dense complex lyrical flow, New York street rap, raw and intricate",[Intro] → [Verse 1] → [Hook] → [Verse 2] → [Hook] → [Verse 3] → [Outro],https://musaisong.app/en/style/east-coast-hiphop
Electro,Machines That Dream,128,30,90,"Electro, robotic 808 electro beat, funky synth bass, vocoder vocals, retro-futuristic energy, classic electro-funk, robotic and groovy",[Intro] → [Verse] → electro [Drop] → [Break] → [Final Drop],https://musaisong.app/en/style/electro
Electroacústica,The Edge of the Map,0,72,91,"Electroacoustic Composition, processed acoustic instruments, spatial electronics, dramatic dynamic contrasts, academic avant-garde, sculptural and intense",[Sound gesture] → [electronic transformation] → [spatial contrast] → [sculptural climax] → [resolution],https://musaisong.app/en/style/electroacoustic
Electropop,Summer Sun,120,24,92,"Electropop, crisp electronic beats, bright synth hooks, processed catchy vocals, glossy modern production, dancefloor pop, sleek and energetic",[Intro] → [Verse] → [Pre-chorus] → [Chorus/hook] → [Verse 2] → [Final chorus],https://musaisong.app/en/style/electropop
Emo Anthem,Ballads That Break the Sky,90,28,92,"Emo Anthem, distorted guitars, driving drums, raw cracking emotional vocals, pop-punk emotional anthem, cathartic and youthful",[Intro] guitar → [Verse] → [Pre-chorus] → [Chorus] explosive → [Bridge] scream → [Final chorus],https://musaisong.app/en/style/emo-anthem
Emo Midwest,Electric Roads,130,32,90,"Midwest Emo, intricate twinkly guitars, dynamic drums, earnest cracking vocals, emotional confessional lyrics, math-emo, heartfelt and intricate",[Intro] guitar → [Verse] → [Chorus] → [Verse 2] → [Cathartic climax] → [Outro],https://musaisong.app/en/style/emo-midwest
Emo Rap,Asphalt and Diamonds,120,42,82,"Emo Rap, melancholic guitar loop, trap drums, pained melodic vocals, raw confessional lyrics, bedroom sadness energy",[Guitar intro] → [Verse] → [Hook] → [Verse 2] → [Hook] → [Raw bridge] → [Final hook],https://musaisong.app/en/style/asf-emo-rap
Emo Rap,Street and Verse,85,34,89,"Emo Rap, melancholic guitar loop, soft 808s, autotuned vulnerable singing-rap, emotional confessional delivery, sad and raw, trap-emo fusion",[Intro] guitar → [Verse] → [Hook] sung → [Verse 2] → [Final hook],https://musaisong.app/en/style/emo-rap
Emo-Shoegaze,Fog and Nostalgia,120,38,89,"Emo-Shoegaze, fuzzy emotional guitars, dynamic loud-soft swells, vulnerable buried vocals, cathartic wall of sound, emo meets shoegaze, aching and overwhelming",[Intro] → [Verse] soft → [Chorus] wall of sound → [Verse 2] → [Cathartic climax],https://musaisong.app/en/style/emo-shoegaze
Enka,Rain Romance,68,24,95,"Enka, traditional Japanese strings (shamisen), orchestral backing, dramatic vibrato female vocals, melancholic Japanese ballad, sentimental and proud",[Intro] strings → [Verse] → [Chorus] dramatic → [Verse 2] → [Final chorus],https://musaisong.app/en/style/enka
Epic Hybrid (Trailer),Ballads That Break the Sky,80,34,90,"Epic Hybrid Trailer, cinematic orchestra, hybrid electronic hits, choir, huge percussion, soaring wordless vocals, movie-trailer epic, overwhelming and heroic",[Intro] soft → [Build] → [Drop] orchestra+choir → [Break] → [Colossal final climax],https://musaisong.app/en/style/epic-hybrid-trailer
Espectralismo,The Edge of the Map,50,66,91,"Spectral Music, orchestra exploring sound spectra, shimmering microtonal harmonies, slowly morphing timbres, Grisey style, luminous and alien",[Initial spectrum] → [Timbral morphology] → [Harmonic transformation] → [Luminous climax] → [Dissolution],https://musaisong.app/en/style/spectral-music
Espiritual Africano,Sacred Ground,96,20,94,"African Sacred Choral, rich a cappella harmonies, call-and-response, gentle percussion, joyful South-African gospel style, vibrant and uplifting",[Call] → [choral response] → [full harmonies] → [joyful climax] → [coda],https://musaisong.app/en/style/espiritual-africano
Espiritual Negro,Sacred Ground,72,20,97,"Negro Spiritual, a cappella or sparse accompaniment, deep call-and-response harmonies, sorrowful yet hopeful vocals, African-American sacred roots, profound and moving",[Solo call] → [Choral response] → [Development] → [Hopeful climax] → [Serene coda],https://musaisong.app/en/style/spiritual-negro
Ethereal Wave,Fog and Nostalgia,90,40,92,"Ethereal Wave, lush reverberant synths, angelic wordless vocals, atmospheric guitar, dreamy gothic beauty, 4AD ethereal sound, celestial and haunting",[Intro] pads → [Verse] angelic voice → [Chorus] ethereal → [Verse 2] → [Outro] celestial,https://musaisong.app/en/style/ethereal-wave
Ethio-Jazz,Distant Worlds,88,34,94,"Ethio-Jazz, vibraphone, organ, horns, hypnotic Ethiopian pentatonic scales, jazz groove, Mulatu Astatke style, smoky and mysterious",[Modal theme] → [vibraphone] → [organ solo] → [horns] → [closing theme],https://musaisong.app/en/style/ethio-jazz
Eurodance,Machines That Dream,138,24,89,"Eurodance, energetic synth stabs, four-on-the-floor beat, catchy female vocals and rap, euphoric 90s dance, fun and energetic",[Intro] → [Rap verse] → [Sung chorus] → [Verse 2] → [Final chorus],https://musaisong.app/en/style/eurodance
Europop,Summer Sun,128,18,91,"Europop, euphoric synths, four-on-the-floor, huge anthemic chorus, polished theatrical vocals, Eurovision-style pop, glittery and grand",[Intro] → [Verse] → [Pre/build] → [Huge chorus] → [Verse 2] → [Final chorus with key change],https://musaisong.app/en/style/europop
Exotica Lounge,Smoke and Midnight,100,32,90,"Exotica, vibraphone, tiki percussion, bird calls, lush strings, dreamy Polynesian-inspired lounge, retro exotica, dreamy and surreal",[Intro] → [Theme A] → [Theme B] → [Vibraphone solo] → [Final theme],https://musaisong.app/en/style/lounge-exotica
Fado Portugués,Roots That Hold Fast,68,24,97,"Fado, Portuguese guitarra, classical guitar, melancholic soulful female vocals, saudade, intimate and dramatic, Lisbon folk",[Intro] Portuguese guitar → [Verse] mournful → [Climax] → [Verse 2] → suspended close,https://musaisong.app/en/style/fado-portugues
Festejo Peruano,The Party That Never Ends,115,18,93,"Festejo, cajón peruano, quijada, guitar, energetic Afro-Peruvian call and response vocals, coastal roots dance, joyful and proud",[Intro] cajón → [Verse] → [Chorus] → [Zapateo] instrumental → [Final chorus],https://musaisong.app/en/style/festejo-peruano
Festival Trap,Machines That Dream,75,28,90,"Festival Trap, booming 808s, festival synth leads, hi-hat rolls, big energetic drops, EDM-trap hybrid, hard and hype",[Intro] → [Build] → [Drop] → [Break] → [Final drop],https://musaisong.app/en/style/festival-trap
Fiddle Hoedown,Dust and Highway,148,28,87,"Fiddle Hoedown, blazing fiddle lead, stomping barn dance beat, hand claps, hollers, square dance energy, accelerating finale",[Fiddle intro] → [Verse] → [Chorus] → [Fiddle solo] → [Handclap breakdown] → [Chorus] → [Accelerated outro],https://musaisong.app/en/style/plv-fiddle-hoedown
First Dance Country,Dust and Highway,72,10,91,"Wedding Country Ballad, heartfelt male-female harmonies, romantic slow build, gentle strings and steel, first-dance tempo, vow-like lyrics",[Intro] → [Verse] → [Chorus] → [Verse 2] → [Chorus] → [Promise bridge] → [Final chorus],https://musaisong.app/en/style/plv-first-dance
Flamenco Árabe Fusión,Distant Worlds,100,32,93,"Flamenco-Arabic Fusion, flamenco guitar, oud, hand percussion, palmas, blended Spanish-Arabic vocals, Mediterranean fusion, passionate and hypnotic",[Taqsim-falseta] → [compás] → [Verse] → [climax with palmas] → [ecstatic close],https://musaisong.app/en/style/flamenco-fusion-arabe
Flamenco Puro,Roots That Hold Fast,120,22,98,"Flamenco, Spanish guitar, palmas, cajón, passionate raspy cante jondo vocals, zapateado, duende intensity, Andalusian folk",[Salida] guitar → [Cante] free → [Compás] palmas → [Falseta] guitar → [Final cante] raw → close,https://musaisong.app/en/style/flamenco-puro
Folk Anthem,Ballads That Break the Sky,96,24,92,"Folk Anthem, acoustic guitar, banjo, stomping kick, gang hey chants, building uplifting vocals, indie-folk singalong, warm and rousing",[Intro] guitar → [Verse] → [Chorus] with hey → [Build] → [Final chorus with stomps],https://musaisong.app/en/style/folk-anthem
Folk Country,Dust and Highway,78,20,89,"Folk Country, intimate fireside vocals, fingerpicked acoustic, soft harmonica, warm wooden tone, storyteller closeness",[Intro] → [Verse] → [Chorus] → [Verse 2] → [Chorus] → [Whispered bridge] → [Final chorus],https://musaisong.app/en/style/plv-folk-country
Folk Metal,Storm and Steel,150,30,91,"Folk Metal, heavy guitars with folk instruments (fiddle, flute, accordion), galloping rhythm, gang chant vocals, festive epic metal, rowdy and triumphant",[Intro] folk → [Verse] → [Chorus] festive → [Instrumental] folk → [Final chorus with shouts],https://musaisong.app/en/style/folk-metal
Folk Rock,Electric Roads,115,24,93,"Folk Rock, jangly electric and acoustic guitars, harmonica, warm harmonies, poetic earnest vocals, 60s-70s folk rock, warm and storytelling",[Intro] guitar → [Verse] → [Chorus] → [Verse 2] → [Bridge] → [Final chorus],https://musaisong.app/en/style/folk-rock
Footwork / Juke,The Edge of the Map,160,56,91,"Footwork, hyperspeed chopped vocal samples, rapid-fire 808s, sparse stuttering rhythms, Chicago juke, hypnotic and frenetic",[Chopped vocal loop] → [fast 808s] → [variation] → [frantic climax] → [cut],https://musaisong.app/en/style/footwork-juke
Fourth World,The Edge of the Map,80,58,93,"Fourth World, processed trumpet, ethnic percussion textures, ambient electronics, imaginary-culture soundscape, Jon Hassell style, mysterious and otherworldly",[Ambient drone] → [processed trumpet] → [ethnic percussion] → [imaginary soundscape] → [dissolution],https://musaisong.app/en/style/fourth-world
Frecuencias Sanadoras,Breathing Silence,45,36,83,"Healing Frequencies, pure sustained tones, gentle harmonic resonance (432Hz feel), soft pads, deeply restorative atmosphere, healing frequency ambient, pure and restorative",[Pure Tone] → [Harmonic Resonance] → [Soft Layers] → [Rest],https://musaisong.app/en/style/healing-frequencies
Free Jazz,The Edge of the Map,140,60,93,"Free Jazz, collective improvisation, atonal sax skronk, frantic drums, walking-then-exploding bass, no fixed structure, ecstatic and chaotic",[Fragmented head] → [collective improvisation] → [ecstatic chaos] → [free peak] → [return or disintegration],https://musaisong.app/en/style/free-jazz
French Rap,Street and Verse,95,24,91,"French Rap, cinematic moody beat, deep bass, atmospheric synths, smooth articulate French flow, Paris street rap, slick and poetic",[Intro] → [Verse 1] → [Hook] → [Verse 2] → [Final hook],https://musaisong.app/en/style/french-rap
Front Porch Acoustic,Dust and Highway,70,18,88,"Front Porch Acoustic, lazy afternoon vocals, unhurried fingerpicking, creaking chair ambience, sweet tea warmth, hummable outro",[Intro] → [Verse] → [Chorus] → [Verse 2] → [Chorus] → [Humming] → [Soft final chorus],https://musaisong.app/en/style/plv-front-porch
Funk Carioca,The Party That Never Ends,130,24,92,"Funk Carioca, Baile Funk, tamborzão beat, heavy bass, chanted streetwise vocals, Rio favela party, raw and hypnotic",[Intro] beat → [Verse] → [Hook] → [Verse 2] → [Final hook],https://musaisong.app/en/style/funk-carioca
Funk-Pop,Summer Sun,110,18,93,"Funk-Pop, slap bass, funky guitar, bright horns, retro-modern groove, charismatic soulful vocals, Bruno Mars style, fun and irresistible",[Groove intro] → [Verse] → [Pre-chorus] → [Chorus] → [Verse 2] → [Horn break] → [Final chorus],https://musaisong.app/en/style/funk-pop
Fusión Balcánica de Cine,Distant Worlds,130,34,92,"Balkan Cinematic Fusion, frantic brass, gypsy violin, accordion, driving percussion, dramatic wordless vocals, Bregović film style, wild and euphoric",[Dramatic Intro] → [Fast Theme] → [Frantic Acceleration] → [Climax] → [Euphoric Outro],https://musaisong.app/en/style/balkan-cine-fusion
Future Bass,Machines That Dream,150,30,91,"Future Bass, lush detuned supersaw chords, pitched vocal chops, snappy drums, euphoric melodic drop, colorful future bass, bright and emotional",[Intro] → [Verse] → [Build] → [Colorful drop] → [Verse 2] → [Final drop],https://musaisong.app/en/style/future-bass
Future Garage,Machines That Dream,130,34,89,"Future Garage, skippy syncopated drums, deep warm sub bass, atmospheric pads, ethereal chopped vocals, emotional future garage, atmospheric and intimate",[Intro] pads → [Verse] → [Soft drop] → [Break] → [Final drop],https://musaisong.app/en/style/future-garage
Future House,Machines That Dream,125,26,90,"Future House, metallic groovy bass, filtered chord stabs, crisp punchy drums, catchy melodic drop, modern future house, slick and bouncy",[Intro] → [Verse] → [Build] → [Drop] groovy → [Break] → [Final Drop],https://musaisong.app/en/style/future-house
G-Funk,Street and Verse,92,22,93,"G-Funk, high-pitched synth lead, deep funk bass, smooth talkbox, laid-back West Coast flow, sunny California rap, smooth and bouncy",[Intro] synth → [Verse 1] → [Hook] → [Verse 2] → [Final Hook],https://musaisong.app/en/style/g-funk
G-Funk Revival,Asphalt and Diamonds,94,30,87,"G-Funk, whiny portamento synth lead, deep funk bassline, laid-back West Coast flow, talkbox hooks, lowrider summer bounce",[Synth intro] → [Verse] → [Sung hook] → [Verse 2] → [Hook] → [Talkbox bridge] → [Final hook],https://musaisong.app/en/style/asf-g-funk
Gamelán Balinés,Distant Worlds,100,36,95,"Balinese Gamelan, bronze metallophones, gongs, interlocking kotekan patterns, shimmering tuned percussion, Indonesian ceremonial, hypnotic and otherworldly",[Gong opening] → [interlocking theme] → [acceleration] → [climax] → [resolution],https://musaisong.app/en/style/gamelan-balines
Gangsta Rap,Street and Verse,95,22,94,"Gangsta Rap, hard funk-sample beat, deep bass, menacing synths, confident commanding flow, 90s West Coast street rap, gritty and authoritative",[Intro] → [Verse 1] → [Hook] → [Verse 2] → [Hook] → [Verse 3] → [Outro],https://musaisong.app/en/style/gangsta-rap
Garage Punk,Electric Roads,165,30,91,"Garage Punk, blown-out fuzzy guitars, frantic drums, snotty shouted vocals, raw lo-fi energy, garage-punk revival, fast and chaotic",[Intro] → [Verse] → [Chorus] → [Verse 2] → [Outro] chaotic,https://musaisong.app/en/style/garage-punk
Garage Revival,Electric Roads,130,28,90,"Garage Rock Revival, raw stylish guitars, driving rhythm, cool attitude vocals, retro-modern energy, 2000s garage revival, slick and gritty",[Intro] riff → [Verse] → [Chorus] → [Verse 2] → [Solo] → [Final Chorus],https://musaisong.app/en/style/garage-revival
Garage Rock,Electric Roads,140,28,92,"Garage Rock, raw fuzzed-out guitars, simple pounding drums, snarling attitude vocals, lo-fi rough production, 60s garage revival, gritty and energetic",[Intro] riff → [Verse] → [Chorus] → [Verse 2] → [Solo] dirty → [Final Chorus],https://musaisong.app/en/style/garage-rock
Glam Metal,Storm and Steel,130,24,91,"Glam Metal, flashy catchy guitar riffs, big gang-vocal choruses, energetic drums, swaggering vocals, 80s hair metal, fun and anthemic",[Intro] riff → [Verse] → [Chorus] singalong → [Verse 2] → [Solo] → [Final Chorus],https://musaisong.app/en/style/glam-metal
Glitch,The Edge of the Map,120,66,93,"Glitch, chopped digital artifacts, stuttering rhythms, bit-crushed textures, fragmented melodies, error-as-music, jittery and hypnotic",[Artifacts] → [rhythmic stutter] → [fragmented melody] → [glitch climax] → [cut silence],https://musaisong.app/en/style/glitch
Glitch-Hop / Wonky,The Edge of the Map,100,58,90,"Glitch-Hop, wonky off-kilter beats, detuned bass wobbles, glitchy hip-hop groove, lush synths, head-nodding and quirky, funky and broken",[Wonky beat] → [detuned bass] → [glitch groove] → [variation] → [twisted outro],https://musaisong.app/en/style/glitch-hop-wonky
Gnawa Marroquí,Roots That Hold Fast,90,28,94,"Gnawa, guembri bass lute, qraqeb metal castanets, hypnotic call and response vocals, North African spiritual trance, ancient and groovy",[Intro] guembri → [Call] → [Response] chorus → [Trance] crescendo → [Close],https://musaisong.app/en/style/gnawa-marroqui
Gospel Blues,Sacred Ground,76,22,94,"Gospel Blues, slide guitar, gritty Hammond organ, foot stomps, raw soulful preaching vocals, holy blues, earthy and fervent",[Slide intro] → [Verse] → [Chorus] → [Verse 2] → [fervent climax],https://musaisong.app/en/style/gospel-blues
Gospel Contemporáneo,Sacred Ground,92,24,96,"Contemporary Gospel, lush keys, modern R&B production, layered choir, melismatic powerful vocals, urban praise sound, polished and soulful",[Intro] → [Verse] → [Pre-chorus] → [Chorus] modern choir → [Bridge] → [Final chorus],https://musaisong.app/en/style/gospel-contemporaneo
Gospel de Coro,Sacred Ground,100,18,99,"Traditional Gospel Choir, Hammond organ, piano, full powerful choir, soaring soulful lead vocals, hand claps, joyful praise, transcendent and uplifting",[Organ intro] → [Verse] → [Chorus] → [Vamp] choir and soloist → [Climax] modulation → [Glorious finale],https://musaisong.app/en/style/gospel-coro
Gospel Orquestal (Final),Sacred Ground,84,24,96,"Orchestral Gospel Finale, full gospel choir, symphony orchestra, organ, soaring lead vocals, massive triumphant build, transcendent climax, overwhelming and glorious",[Orchestral intro] → [Verse] → [Chorus] choir+orchestra → [Vamp] → [Colossal climax] → [Apotheotic finale],https://musaisong.app/en/style/gospel-orquestal-final
Gospel Trap,Asphalt and Diamonds,126,38,84,"Gospel Trap, church choir stacks over 808s, organ swells, testimonial rap flow, praise-meets-street energy, uplifting bass",[Choir intro] → [Verse] → [Hook with choir] → [Verse 2] → [Hook] → [Celestial bridge] → [Final hook],https://musaisong.app/en/style/asf-gospel-trap
Gospel-Pop Ballad,Ballads That Break the Sky,74,26,92,"Gospel-Pop Ballad, organ, piano, gospel choir backing, powerful melismatic vocals, uplifting build, soulful inspirational ballad, warm and transcendent",[Intro] organ → [Verse] → [Pre-chorus] → [Chorus] with gospel choir → [Bridge] → [Elevated final chorus],https://musaisong.app/en/style/gospel-pop-ballad
Gothic Metal,Storm and Steel,110,30,91,"Gothic Metal, heavy atmospheric guitars, lush keyboards, beauty-and-the-beast clean female and growled male vocals, dark romantic metal, dramatic and melancholic",[Intro] keyboards → [Verse] → [Chorus] dramatic → [Verse 2] → [Bridge] → [Final chorus],https://musaisong.app/en/style/gothic-metal
Grime,Street and Verse,140,28,92,"Grime, gritty electronic beat, square-wave bass, frantic rapid-fire flow, raw energetic delivery, London grime, hyperactive and aggressive",[Intro] → [Verse] fast → [Hook] → [Verse 2] → [Final Hook],https://musaisong.app/en/style/grime
Grindcore,Storm and Steel,220,38,89,"Grindcore, ultra-fast blast beats, chaotic noisy riffs, guttural and shrieked vocals, very short intense bursts, extreme grind, chaotic and explosive",[Burst 1] → [Burst 2] → [Blast] → [Outro] abrupt,https://musaisong.app/en/style/grindcore
Groove Metal,Storm and Steel,120,28,92,"Groove Metal, heavy syncopated mid-tempo riffs, pounding groove drums, aggressive shouted vocals, headbang-inducing groove, modern groove metal, heavy and rhythmic",[Intro] riff → [Verse] → [Chorus] → [Verse 2] → [Breakdown] → [Final Chorus],https://musaisong.app/en/style/groove-metal
Grunge,Electric Roads,115,30,93,"Grunge, heavy distorted guitars, quiet-loud dynamics, angsty raw vocals, sludgy bass, 90s Seattle sound, raw and emotional",[Intro] clean → [Verse] soft → [Chorus] explosive distorted → [Verse 2] → [Final Chorus],https://musaisong.app/en/style/grunge
Guaracha Electrónica,The Party That Never Ends,128,22,90,"Guaracha electronica, aleteo beat, whistle hooks, latin percussion samples, energetic DJ chants, Latin club EDM, frantic and party-driven",[Intro] → [Build] → [Drop] flutter beat → [Break] → [Final Drop],https://musaisong.app/en/style/guaracha-electronica
Gypsy Jazz,Smoke and Midnight,180,30,94,"Gypsy Jazz, fast acoustic guitar la pompe rhythm, virtuosic lead guitar, swinging violin, upright bass, Django-style manouche, lively and virtuosic",[Intro] → [Theme] → [Solo] fast guitar → [Solo] violin → [Final Theme],https://musaisong.app/en/style/gypsy-jazz
Hard Bop,Smoke and Midnight,150,30,93,"Hard Bop, soulful blues-inflected sax and trumpet, driving swing, bluesy piano, gospel undertones, 50s hard bop, soulful and energetic",[Head] theme → [Solo] sax → [Solo] trumpet → [Solo] piano → [Final Theme],https://musaisong.app/en/style/hard-bop
Hard Rock,Electric Roads,130,24,94,"Hard Rock, heavy crunchy riffs, thunderous drums, screaming guitar solos, powerful raspy vocals, 80s arena hard rock, loud and explosive",[Intro] heavy riff → [Verse] → [Chorus] → [Verse 2] → [Solo] explosive → [Final Chorus],https://musaisong.app/en/style/hard-rock
Hardcore / Gabber,Machines That Dream,180,34,89,"Hardcore Gabber, extremely fast distorted kick, aggressive hoover synths, relentless rave intensity, hardcore techno, brutal and frantic",[Intro] → [Build] → [Drop] distorted kick → [Break] → [Final Drop],https://musaisong.app/en/style/hardcore-gabber
Hardcore Hip-Hop,Street and Verse,95,24,92,"Hardcore Hip-Hop, aggressive hard-hitting drums, dark distorted bass, intense forceful flow, raw shouting energy, gritty street rap, brutal and powerful",[Intro] → [Verse 1] → [Hook] → [Verse 2] → [Final Hook],https://musaisong.app/en/style/hardcore-hiphop
Hardcore Punk,Storm and Steel,190,28,93,"Hardcore Punk, fast aggressive guitars, pounding drums, shouted gang vocals, breakneck energy, mosh-pit hardcore, raw and explosive",[Intro] → [Verse] → [Chorus] shouted → [Verse 2] → [Breakdown] → [Outro],https://musaisong.app/en/style/hardcore-punk
Hardstyle,Machines That Dream,150,30,91,"Hardstyle, hard distorted kick, screeching synth leads, euphoric melodic breaks, intense energetic drops, festival hardstyle, hard and euphoric",[Intro] → [Build] → [Hard Kick Drop] → [Euphoric Break] → [Final Drop],https://musaisong.app/en/style/hardstyle
Hauntology,The Edge of the Map,90,62,91,"Hauntology, degraded tape textures, ghostly nostalgic samples, eerie synths, crackle and hiss, lost-media aesthetic, melancholic and uncanny",[Tape Crackle] → [Ghostly Sample] → [Spectral Synth] → [Nostalgic Climax] → [Fade Out],https://musaisong.app/en/style/hauntology
Heartland Rock,Electric Roads,122,22,92,"Heartland Rock, anthemic guitars, piano, organ, gravelly earnest vocals, working-class storytelling, American roots rock, warm and rousing",[Intro] → [Verse] → [Anthemic Chorus] → [Verse 2] → [Solo] → [Final Chorus],https://musaisong.app/en/style/heartland-rock
Heartland Rock,Dust and Highway,122,18,89,"Heartland Rock, passionate raspy vocals, jangling guitars, glockenspiel, driving drums, working-class anthem, Springsteen-era spirit",[Intro] → [Verse] → [Chorus] → [Verse 2] → [Chorus] → [Bridge] → [Epic final chorus],https://musaisong.app/en/style/plv-heartland-rock
Heavy Metal,Storm and Steel,140,24,97,"Heavy Metal, galloping twin guitars, thunderous double-kick drums, soaring powerful vocals, epic guitar solos, classic 80s heavy metal, mighty and triumphant",[Intro] galloping riff → [Verse] → [Epic Chorus] → [Verse 2] → [Twin Guitar Solo] → [Final Chorus],https://musaisong.app/en/style/heavy-metal
Heavy Metal en Español,Storm and Steel,145,24,92,"Spanish Heavy Metal, galloping guitars, powerful double-kick, passionate belting Spanish vocals, epic guitar solos, Ibero heavy metal, mighty and proud",[Intro] riff → [Verse] → [Epic Chorus] → [Verse 2] → [Solo] → [Final Chorus],https://musaisong.app/en/style/heavy-metal-espanol
Hick-Hop,Dust and Highway,96,55,80,"Country Rap, hick-hop, 808 bass with banjo loops, southern drawl rap verses, sung anthemic chorus, tailgate trap energy",[Intro] → [Rap verse] → [Sung chorus] → [Rap verse 2] → [Chorus] → [Bridge] → [Final chorus],https://musaisong.app/en/style/plv-hick-hop
Highlife,The Party That Never Ends,115,18,94,"Highlife, jazzy guitar lines, horns, palm-wine groove, warm melodic vocals, Ghanaian classic dance, sunny and elegant",[Intro] guitar → [Verse] → [Chorus] → [Brass Instrumental] → [Final Chorus],https://musaisong.app/en/style/highlife
Himno Coral Clásico,Hall of Centuries,72,18,96,"Classical Choral Anthem, grand choir and orchestra, triumphant harmonies, majestic build, Handel Hallelujah style, glorious and uplifting",[Intro] → [Choral Theme] → [Polyphonic Development] → [Climax] → [Glorious Finale],https://musaisong.app/en/style/himno-coral-clasico
Himno Cristiano Clásico,Sacred Ground,66,16,95,"Classic Christian Hymn, church organ, congregational choir, stately four-part harmony, reverent timeless vocals, traditional hymnody, solemn and warm",[Organ intro] → [Verse 1] → [Verse 2] → [Expansive final verse] → [Amen],https://musaisong.app/en/style/himno-cristiano-clasico
Himno de Amanecer,Sacred Ground,68,24,93,"Dawn Devotional Hymn, soft strings, gentle choir, harp, warm rising melody, universal morning prayer feel, hopeful and serene",[Soft intro] → [rising melody] → [warm chorus] → [luminous swell] → [serene resolution],https://musaisong.app/en/style/himno-de-amanecer
Himno de Ruptura,Ballads That Break the Sky,86,26,91,"Breakup Empowerment Anthem, defiant piano and beat, building production, fierce empowering vocals, post-breakup self-love anthem, cathartic and triumphant",[Intro] → [Verse] aching → [Pre-chorus] → [Chorus] defiant → [Bridge] → [Final chorus] liberating,https://musaisong.app/en/style/himno-de-ruptura
Himno Inspiracional,Ballads That Break the Sky,82,24,91,"Inspirational Anthem, uplifting piano, strings, big drums, empowering motivational vocals, overcome-the-odds anthem, triumphant and warm",[Intro] piano → [Verse] → [Pre-chorus] → [Chorus] motivating → [Bridge] → [Final chorus] triumphant,https://musaisong.app/en/style/himno-inspiracional
Himno Ortodoxo Ruso,Sacred Ground,52,22,95,"Russian Orthodox Choral, deep basso profundo, rich a cappella harmonies, no instruments, solemn liturgical chant, profound and majestic",[Deep entrance] → [full harmony] → [solemn swell] → [profound climax] → [resolution],https://musaisong.app/en/style/himno-ortodoxo-ruso
Hip-Hop Confesional,Street and Verse,88,35,88,"Confessional Hip-Hop, melancholic piano and soul sample, soft 808s, vulnerable introspective flow, emotional honest delivery, raw and intimate",[Intro] piano → [Verse 1] → [Hook] → [Verse 2] → [Hook] → [Verse 3] → outro,https://musaisong.app/en/style/hiphop-confesional
Hip-Hop Love Song,Asphalt and Diamonds,92,22,87,"Hip-Hop Love Song, heartfelt rap verses, sung R&B chorus, warm soul sample, romantic storytelling, boombox serenade energy",[Intro] → [Rap verse] → [Sung chorus] → [Rap verse 2] → [Chorus] → [Duet bridge] → [Final chorus],https://musaisong.app/en/style/asf-hiphop-love
Honky Tonk,Dust and Highway,108,16,88,"Honky Tonk, barroom piano, twangy guitar, shuffle beat, weeping steel guitar, cry-in-your-beer vocals, neon jukebox atmosphere",[Piano intro] → [Verse] → [Chorus] → [Verse 2] → [Chorus] → [Solo] → [Final chorus],https://musaisong.app/en/style/plv-honky-tonk
House,Machines That Dream,124,22,97,"House, four-on-the-floor kick, warm bassline, soulful vocal chops, piano stabs, uplifting filtered build, classic house, groovy and euphoric",[Intro] beat → [Build] → [Drop] groove → [Break] vocal → [Final drop],https://musaisong.app/en/style/house
Huapango Huasteco,Roots That Hold Fast,130,20,95,"Huapango Huasteco, violin lead, jarana huasteca, quinta huapanguera, falsetto male vocals, lively son rhythm, Huasteca folk",[Intro] violin → [Verse] with falsetto → [Instrumental] violin → [Verse 2] → closing,https://musaisong.app/en/style/huapango-huasteco
Huayno Andino,Roots That Hold Fast,105,20,96,"Huayno Andino, charango, quena, andean harp, zampoña, bright female vocals, Andes highland folk, festive and proud",[Intro] quena → [Verse] → [Chorus] → [Instrumental] charango → [Final chorus],https://musaisong.app/en/style/huayno-andino
Hyperpop,The Edge of the Map,160,60,95,"Hyperpop, distorted bass, pitched-up chipmunk vocals, glitchy maximalist production, sugary-aggressive synths, blown-out drums, chaotic and euphoric",[Glitch intro] → [Pitch-shifted verse] → [Maximalist drop] → [Verse 2] → [Glitch break] → [Chaotic final drop],https://musaisong.app/en/style/hyperpop
Hypnagogic Pop,Fog and Nostalgia,95,42,89,"Hypnagogic Pop, warped tape-degraded synths, dreamlike half-remembered melodies, hazy vocals, surreal nostalgia, lo-fi hypnagogic, surreal and nostalgic",[Intro] → [Oneiric loop] → [Variation] → [Degraded outro],https://musaisong.app/en/style/hypnagogic-pop
IDM,The Edge of the Map,110,64,94,"Intelligent Dance Music, intricate broken beats, complex programming, melodic synth pads, glitchy percussion, Aphex-Autechre style, cerebral and emotional",[Atmospheric pad] → [Fractured beat] → [Rhythmic layers] → [Melodic climax] → [Glitch dissolution],https://musaisong.app/en/style/idm
Impresionismo,Hall of Centuries,70,26,95,"Impressionist Classical, shimmering piano, whole-tone harmonies, soft flutes and harp, Debussy-Ravel style, dreamy and atmospheric",[Floating theme] → [Harmonic color] → [Swell] → [Reflection] → [Dissolution],https://musaisong.app/en/style/impresionismo
Indie Anthem,Ballads That Break the Sky,88,28,91,"Indie Anthem, chiming delay guitars, piano, building drums, atmospheric soaring vocals, festival indie-rock anthem, euphoric and expansive",[Delay guitar intro] → [Verse] → [Build] → [Expansive chorus] → [Bridge] → [Massive final chorus],https://musaisong.app/en/style/indie-anthem
Indie Folk de Fogata,Electric Roads,100,48,85,"Indie Folk, fingerpicked acoustic guitar, banjo, warm group harmonies, foot stomps and claps, organic intimate vocals, campfire folk, warm and earthy",[Guitar intro] → [Verse] → [Chorus with harmonies] → [Stomp build] → [Final chorus],https://musaisong.app/en/style/indie-folk-fogata
Indie Pop,Electric Roads,118,28,90,"Indie Pop, bright clean guitars, bouncy synths, upbeat drums, sweet airy vocals, catchy whimsical hooks, modern indie pop, cheerful and light",[Intro] → [Verse] → [Chorus] → [Verse 2] → [Bridge] → [Final chorus],https://musaisong.app/en/style/indie-pop
Indie Pop Soleado,Summer Sun,116,24,91,"Sunny Indie Pop, jangly bright guitars, handclaps, ""ooh-ooh"" backing vocals, cheerful melodic vocals, feel-good indie pop, bright and carefree","[Guitar intro] → [Verse] → [""Ooh"" chorus] → [Verse 2] → [Final chorus]",https://musaisong.app/en/style/indie-pop-soleado
Indie R&B,Rain Romance,78,40,88,"Indie R&B, dreamy reverb, muted guitars, soft electronic beats, hazy intimate vocals, alternative love song, moody and atmospheric",[Intro] → [Verse] → [Chorus] → [Verse 2] → [Ethereal outro],https://musaisong.app/en/style/indie-rnb
Indie Rock,Electric Roads,125,28,92,"Indie Rock, jangly and fuzzy guitars, melodic bass, tight drums, earnest expressive vocals, catchy hooks, modern indie, warm and energetic",[Guitar intro] → [Verse] → [Chorus] → [Verse 2] → [Bridge] → [Final chorus],https://musaisong.app/en/style/indie-rock
Indo-Jazz Fusión,Distant Worlds,96,38,92,"Indo-Jazz Fusion, sitar and saxophone, tabla and drum kit, jazz harmony with raga scales, East-meets-West improvisation, sophisticated and groovy",[Raga-jazz theme] → [sitar solo] → [sax solo] → [tabla-drums exchange] → [final theme],https://musaisong.app/en/style/hindustani-fusion
Industrial,Storm and Steel,120,38,90,"Industrial, harsh mechanical rhythms, distorted electronics, metallic percussion samples, processed cold vocals, factory-floor noise, abrasive and hypnotic",[Intro] machine → [Section A] → [Build] → [Section B] → [Outro] noise,https://musaisong.app/en/style/industrial
Industrial Metal,Storm and Steel,130,32,92,"Industrial Metal, mechanical distorted guitars, electronic beats, harsh samples, aggressive processed vocals, machine-like groove, cold and pounding",[Intro] machine → [Verse] → [Chorus] → [Verse 2] → [Electronic Break] → [Final Chorus],https://musaisong.app/en/style/industrial-metal
Irish Ballad,Roots That Hold Fast,90,14,94,"Irish Pub Ballad, acoustic guitar, fiddle, warm storytelling male vocals, gang sing-along chorus, sentimental and rousing, pub folk",[Intro] guitar → [Verse] → [Singalong Chorus] → [Verse 2] → [Final Group Chorus],https://musaisong.app/en/style/irish-ballad
J-Pop,Summer Sun,130,22,93,"J-Pop, bright energetic production, busy arrangements, cheerful melodic Japanese vocals, anime-opening energy, sugary and uplifting",[Intro] → [Verse] → [Pre-Chorus] → [Chorus] → [Verse 2] → [Bridge] → [Final Chorus],https://musaisong.app/en/style/j-pop
Jangle Dream,Fog and Nostalgia,120,32,90,"Jangle Dream, chiming reverb guitars, dreamy melodic bass, soft wistful vocals, sunny hazy indie, jangly dream pop, bright and nostalgic",[Intro] guitar → [Verse] → [Chorus] → [Verse 2] → [Final Chorus],https://musaisong.app/en/style/jangle-dream
Jangle Pop,Electric Roads,130,26,90,"Jangle Pop, chiming 12-string guitars, melodic bass, bright drums, warm melodic vocals, sunny ringing hooks, 80s jangle pop, breezy and bright",[Intro] guitar → [Verse] → [Chorus] → [Verse 2] → [Final Chorus],https://musaisong.app/en/style/jangle-pop
Jazz Funk,Smoke and Midnight,110,28,91,"Jazz Funk, funky clavinet and Rhodes, slap bass, tight horns, syncopated groove, 70s jazz-funk, funky and sophisticated",[Intro] groove → [Theme] → [Keyboard Solo] → [Sax Solo] → [Final Theme],https://musaisong.app/en/style/jazz-funk
Jazz Fusion,Smoke and Midnight,130,34,92,"Jazz Fusion, virtuosic electric guitar and synths, complex grooves, funky bass, intricate solos, 70s jazz-rock fusion, virtuosic and electric",[Intro] → [Theme] → [Guitar Solo] → [Synthesizer Solo] → [Final Theme],https://musaisong.app/en/style/jazz-fusion
Jazz Nocturno,Smoke and Midnight,90,30,97,"Cool Jazz, muted trumpet, brushed drums, upright bass, soft piano comping, smoky late-night standard, smooth and sophisticated",[Intro] piano → [Theme] trumpet → [Sax Solo] → [Piano Solo] → [Final Theme],https://musaisong.app/en/style/jazz-nocturno
Jazz Rap,Street and Verse,90,26,92,"Jazz Rap, live upright bass, brushed drums, muted trumpet and Rhodes, smooth intelligent flow, jazzy boom bap, sophisticated and warm",[Intro] bass → [Verse 1] → [Hook] → [Verse 2] → [Trumpet Instrumental] → [Verse 3],https://musaisong.app/en/style/jazz-rap
Jazzhop,Breathing Silence,85,28,87,"Jazzhop, sampled jazz piano and horns, dusty hip-hop drums, upright bass, smooth nostalgic groove, jazzy lo-fi, warm and soulful",[Intro] → [Jazz loop] → [Variation] → [Final loop],https://musaisong.app/en/style/jazzhop
Jersey Club,The Edge of the Map,135,52,90,"Jersey Club, bouncy triplet kick pattern, chopped vocal stutters, bed-squeak samples, energetic club bounce, hyperactive and infectious",[Intro] → [Triple kick pattern] → [Chopped vocal] → [Break] → [Final drop],https://musaisong.app/en/style/jersey-club
Jersey Club Rap,Asphalt and Diamonds,138,44,82,"Jersey Club Rap, signature triplet kick pattern, chopped vocal samples, bouncing energy, viral dance tempo, playful chaos",[Intro] → [Verse] → [Bounce hook] → [Verse 2] → [Hook] → [Bed squeak break] → [Final hook],https://musaisong.app/en/style/asf-jersey-club
Joropo Llanero,Roots That Hold Fast,170,19,95,"Joropo Llanero, harp, cuatro, maracas, fast virtuosic male vocals, plains folk of Venezuela and Colombia, energetic and proud",[Intro] dizzying harp → [Verse] → [Chorus] → [Instrumental] harp → [Final verse],https://musaisong.app/en/style/joropo-llanero
Jump Blues,Smoke and Midnight,165,26,92,"Jump Blues, upbeat swinging horns, boogie piano, walking bass, energetic shouting vocals, danceable proto-R&B, lively and fun",[Intro] → [Verse] → [Chorus] → [Sax solo] → [Final verse],https://musaisong.app/en/style/jump-blues
Jungle,Machines That Dream,165,32,91,"Jungle, chopped amen breaks, deep reggae sub bass, ragga vocal samples, frantic rave energy, classic jungle, frantic and deep",[Intro] → [Build] → [Amen break drop] → [Dub break] → [Final drop],https://musaisong.app/en/style/jungle
K-Pop,Summer Sun,120,24,95,"K-Pop, genre-blending production, sharp synths, trap and EDM drops, powerful polished Korean vocals and rap, hyper-catchy hooks, explosive and colorful",[Intro] → [Verse/rap] → [Pre-chorus] → [Chorus] → [Dance break] → [Verse 2] → [Final chorus],https://musaisong.app/en/style/k-pop
K-Pop Girl Crush,Summer Sun,124,26,93,"K-Pop Girl Crush, hard-hitting bass, brass stabs, fierce confident vocals and rap, powerful attitude hooks, bold K-pop, fierce and commanding",[Intro] → [Verse/rap] → [Pre-chorus] → [Power chorus] → [Dance break] → [Final chorus],https://musaisong.app/en/style/kpop-girl-crush
K-Pop Power Ballad,Ballads That Break the Sky,76,26,90,"K-Pop Power Ballad, emotional piano, lush strings, building production, powerful polished Korean vocals, dramatic OST ballad, cinematic and explosive",[Intro] piano → [Verse] → [Pre-chorus] → [Power chorus] → [Bridge] → [Final chorus with belt],https://musaisong.app/en/style/kpop-power-ballad
Kawaii Future Pop,Summer Sun,140,38,91,"Kawaii Future Pop, hyper-bright future bass synths, chopped cute vocal chops, candy melodies, sugary high-energy J-pop, dazzling and playful",[Intro] → [Verse] → [Build] → [Kawaii drop] → [Verse 2] → [Final drop],https://musaisong.app/en/style/kawaii-future-pop
Kirtan y Mantra,Sacred Ground,90,26,95,"Kirtan, harmonium, tabla, kartals, repetitive call-and-response Sanskrit mantra chanting, building devotional trance, yogic sacred, meditative and joyful",[Slow mantra] → [Call and response] → [Gradual acceleration] → [Ecstatic peak] → [Return to stillness],https://musaisong.app/en/style/kirtan-mantra
Kizomba,Rain Romance,90,22,93,"Kizomba, slow syncopated Afro-Latin beat, warm bass, soft synths, smooth sensual vocals, Angolan romantic dance, intimate and hypnotic",[Intro] → [Verse] → [Chorus] → [Verse 2] → [Final chorus],https://musaisong.app/en/style/kizomba
Klezmer,Roots That Hold Fast,130,24,95,"Klezmer, clarinet lead, violin, accordion, double bass, expressive bittersweet melodies, Eastern European Jewish folk, festive and weeping",[Intro] clarinet → [Theme A] joyful → [Theme B] mournful → [Accelerando] → festive close,https://musaisong.app/en/style/klezmer
Kora Mandinga,Distant Worlds,90,28,94,"Mandinka Kora, cascading 21-string kora, balafon, gentle percussion, griot storytelling vocals, West African, flowing and luminous",[Kumbengo pattern] → [Griot verse] → [Birimintingo] improvisation → [closing theme],https://musaisong.app/en/style/kora-griot-mandinga
Kuduro,The Party That Never Ends,140,24,92,"Kuduro, frantic electronic percussion, hard synth stabs, shouted call-and-response vocals, Angolan dance music, aggressive and euphoric",[Intro] → [Verse] shouts → [Drop] → [Verse 2] → [Final drop],https://musaisong.app/en/style/kuduro
Laïkó Griego,Distant Worlds,96,22,93,"Greek Laïkó, bouzouki, baglama, accordion, passionate popular Greek vocals, urban Mediterranean folk-pop, bittersweet and danceable",[Bouzouki intro] → [Verse] → [Chorus] → [Instrumental] → [Final chorus],https://musaisong.app/en/style/laiko-griego
Latin Jazz,Smoke and Midnight,120,28,93,"Latin Jazz, congas and timbales, montuno piano, jazzy horns, virtuosic solos, Afro-Cuban jazz fusion, hot and sophisticated",[Intro] percussion → [Theme] → [Piano solo] → [Trumpet solo] → [Mambo] → [Closing theme],https://musaisong.app/en/style/latin-jazz
Latin Pop,Summer Sun,110,18,94,"Latin Pop, acoustic and electric guitars, latin percussion, bright production, passionate catchy Spanish vocals, sunny crossover pop, festive and warm",[Intro] → [Verse] → [Pre-chorus] → [Chorus] → [Verse 2] → [Bridge] → [Final chorus],https://musaisong.app/en/style/latin-pop
Latin Power Ballad,Ballads That Break the Sky,74,28,92,"Latin Power Ballad, dramatic piano, strings, electric guitar solo, passionate belting Spanish vocals, grand Ibero-American ballad, explosive and romantic",[Intro] piano → [Verse] → [Pre-chorus] → [Massive chorus] → [Guitar solo] → [Modulated final chorus],https://musaisong.app/en/style/latin-power-ballad
Lied Romántico,Hall of Centuries,72,18,95,"Romantic Lied, solo voice and piano, intimate poetic melody, expressive German art song, Schubert style, tender and profound",[Piano intro] → [Stanza] → [Stanza] → [Poetic climax] → [Piano coda],https://musaisong.app/en/style/lied-romantico
Liquid DnB,Machines That Dream,174,28,90,"Liquid Drum and Bass, smooth rolling breakbeat, warm melodic bass, lush soulful chords, soulful vocals, liquid DnB, smooth and uplifting",[Intro] → [Vocal verse] → [Liquid drop] → [Break] → [Final drop],https://musaisong.app/en/style/liquid-dnb
Lo-Fi Hip-Hop,Breathing Silence,80,30,88,"Lo-Fi Hip-Hop, mellow jazzy chords, dusty boom bap drums, warm vinyl crackle, relaxed head-nod groove, study beats, cozy and calming",[Intro] → [Groove loop] → [Variation] → [Final loop] → fade,https://musaisong.app/en/style/lo-fi-hiphop
Lo-Fi Indie,Fog and Nostalgia,110,38,88,"Lo-Fi Indie, fuzzy tape-saturated guitars, loose drums, muffled melodic vocals, charming rough production, cassette indie, raw and nostalgic",[Intro] → [Verse] → [Chorus] → [Verse 2] → [Outro],https://musaisong.app/en/style/lo-fi-indie
Lo-Fi Study,Breathing Silence,78,26,87,"Lo-Fi Study Beats, gentle jazzy piano loops, soft swung drums, warm vinyl hiss, focus-friendly mellow groove, study lo-fi, calm and steady",[Intro] → [Steady loop] → [Subtle variation] → [Final loop],https://musaisong.app/en/style/lofi-study
Lounge,Smoke and Midnight,100,28,92,"Lounge, smooth vibraphone, soft strings, gentle bossa beat, breezy easy-listening, cocktail sophistication, smooth and relaxed",[Intro] → [Theme A] → [Theme B] → [Vibraphone solo] → [Final theme],https://musaisong.app/en/style/lounge
Lovers Rock,Rain Romance,75,20,93,"Lovers Rock, reggae one-drop groove, warm bass, soft skank guitar, sweet tender vocals, romantic Jamaican reggae, smooth and loving",[Groove intro] → [Verse] → [Chorus] → [Verse 2] → [Final chorus],https://musaisong.app/en/style/lovers-rock
Mambo,The Party That Never Ends,110,14,96,"Mambo, big band brass, piano, congas, timbales, exuberant vocals and brass shouts, Cuban golden-age dance, hot and elegant",[Piano intro] → [Theme A] → [Brass mambo] → [Theme B] → [Shout ending],https://musaisong.app/en/style/mambo
Mandopop,Summer Sun,96,18,92,"Mandopop, lush piano and strings, gentle pop production, sweet expressive Mandarin vocals, catchy emotive melody, polished Chinese pop, warm and tender",[Intro] → [Verse] → [Pre-chorus] → [Chorus] → [Verse 2] → [Bridge] → [Final chorus],https://musaisong.app/en/style/mandopop
Mantra de Meditación,Sacred Ground,50,28,93,"Meditation Mantra, sustained Om drone, singing bowls, soft chimes, gentle repeated chant, sound-healing meditation, calming and centering",[Sustained Om] → [Bowls] → [Soft mantra] → [Deepening] → [Silence],https://musaisong.app/en/style/mantra-meditacion
Maqam Iraquí,Distant Worlds,72,28,95,"Iraqi Maqam, santur, joza fiddle, percussion, deeply ornamented improvised vocals, classical Mesopotamian modal music, ancient and soulful",[Tahrir] high vocal entry → [Maqam development] → [Classical verses] → [Modal cadence],https://musaisong.app/en/style/maqam-iraqui
Marcha Triunfal,Hall of Centuries,100,18,95,"Triumphal March, full orchestra, blazing brass fanfares, pounding timpani, choir, Verdi Aida style, majestic and victorious",[Fanfare] → [March theme] → [Chorus] → [Grand theme] → [Apotheotic finale],https://musaisong.app/en/style/marcha-triunfal
Mariachi Tradicional,Roots That Hold Fast,100,9,100,"Mariachi tradicional, full trumpets, violins, vihuela, guitarrón, festive and proud male vocals, son and jarabe rhythms, classic Mexican folk",[Intro] violins and trumpets → [Verse] → [Festive chorus] → [Trumpet instrumental] → [Verse 2] → [Final chorus] with shouts,https://musaisong.app/en/style/mariachi-tradicional
Math Rock,Electric Roads,140,36,90,"Math Rock, intricate tapping guitars, complex odd time signatures, tight technical drums, clean melodic textures, instrumental math rock, intricate and hypnotic",[Theme A] complex → [Theme B] → [Section C] time signature shift → [Final theme A],https://musaisong.app/en/style/math-rock
Mathcore,Storm and Steel,180,42,89,"Mathcore, dissonant angular riffs, erratic shifting rhythms, chaotic technical drums, unhinged screamed vocals, math-metal chaos, jarring and intense",[Section A] chaotic → [Section B] → [Abrupt shift] → [Section C] → [Outro],https://musaisong.app/en/style/mathcore
Mbalax Senegalés,Distant Worlds,120,26,92,"Mbalax, sabar drums, talking drum, tight percussion, energetic Wolof vocals, horns, Senegalese dance, polyrhythmic and explosive",[Sabar intro] → [Verse] → [Chorus] → [Sabar percussion break] → [Final chorus],https://musaisong.app/en/style/mbalax-senegales
Melodic Death Metal,Storm and Steel,165,28,92,"Melodic Death Metal, melodic twin-guitar harmonies, blast beats and double-kick, harsh growled vocals, catchy yet brutal, Gothenburg sound, melodic and ferocious",[Intro] harmony → [Verse] → [Melodic chorus] → [Verse 2] → [Solo] → [Final chorus],https://musaisong.app/en/style/melodic-death-metal
Melodic Dubstep,Machines That Dream,140,30,90,"Melodic Dubstep, emotional melodic build, lush synths, half-time drums, melodic growl drops, uplifting chillstep, emotional and soaring",[Intro] → emotional [Build] → melodic [Drop] → [Break] → [Final Drop],https://musaisong.app/en/style/melodic-dubstep
Melodic Techno,Machines That Dream,122,30,92,"Melodic Techno, hypnotic arpeggiated synths, deep driving bass, emotional evolving melodies, atmospheric build, melodic techno, hypnotic and emotional",[Intro] arpeggio → [Build] → melodic [Drop] → emotional [Break] → [Final Drop],https://musaisong.app/en/style/melodic-techno
Melodic Trap,Asphalt and Diamonds,130,28,86,"Melodic Trap, autotuned emotional vocals, ambient pads, moody 808s, catchy sung-rap hooks, late night vulnerability",[Intro] → [Melodic verse] → [Hook] → [Verse 2] → [Hook] → [Emotional bridge] → [Final hook],https://musaisong.app/en/style/asf-melodic-trap
Memphis Rap,Asphalt and Diamonds,128,62,80,"Memphis Rap, lo-fi cassette grit, eerie horrorcore samples, hypnotic repetitive hook, underground 90s tape culture, dark bounce",[Lo-fi intro] → [Verse] → [Hypnotic hook] → [Verse 2] → [Hook] → [Tape outro],https://musaisong.app/en/style/asf-memphis
Merengue,The Party That Never Ends,140,14,96,"Merengue, fast tambora and güira, blaring brass, accordion, energetic upbeat vocals, Dominican dance music, relentless and joyful",[Intro] brass → [Verse] → [Chorus] → fast instrumental [Jaleo] → [Final Chorus],https://musaisong.app/en/style/merengue
Metal Ballad,Ballads That Break the Sky,70,30,93,"Power Metal Ballad, clean arpeggiated guitar intro, orchestral backing, soaring operatic metal vocals, epic guitar solo, symphonic metal ballad, majestic and powerful",[Intro] clean guitar → [Verse] → epic [Chorus] → [Verse 2] → virtuoso [Solo] → orchestral [Final Chorus],https://musaisong.app/en/style/metal-ballad
Metalcore,Storm and Steel,160,28,93,"Metalcore, chugging breakdown riffs, screamed verses, melodic sung choruses, double-kick drums, modern aggressive metal, intense and dynamic",[Intro] → screamed [Verse] → melodic [Chorus] → [Verse 2] → heavy [Breakdown] → [Final Chorus],https://musaisong.app/en/style/metalcore
Metalcore Melódico,Storm and Steel,155,28,91,"Melodic Metalcore, soaring melodic lead guitars, screamed verses, huge clean anthemic choruses, electronic touches, modern melodic metalcore, emotional and powerful",[Intro] → screamed [Verse] → massive melodic [Chorus] → [Verse 2] → [Breakdown] → [Final Chorus],https://musaisong.app/en/style/metalcore-melodico
Microsound,The Edge of the Map,90,68,90,"Microsound, tiny clicks and cuts, granular textures, sparse minimal pointillism, delicate digital grains, clicks-and-cuts style, intricate and quiet",[Scattered clicks] → [rhythmic grains] → [pointillist texture] → [subtle density] → [silence],https://musaisong.app/en/style/microsound
Milonga,Roots That Hold Fast,96,16,95,"Milonga, guitar and bandoneón, walking rhythm, storytelling baritone vocals, rural Argentine folk, playful yet nostalgic",[Intro] guitar → narrative [Verse] → [Chorus] → [Verse 2] → closing,https://musaisong.app/en/style/milonga
Minimal Techno,Machines That Dream,128,30,90,"Minimal Techno, stripped-back kick, subtle evolving micro-textures, deep hypnotic groove, spacious restraint, minimal techno, hypnotic and precise",[Intro] → minimal [Groove] → [Subtle Evolution] → [Break] → [Final Groove],https://musaisong.app/en/style/minimal-techno
Minimalismo,Breathing Silence,90,36,88,"Minimalism, repetitive evolving piano and marimba patterns, gradual phasing, hypnotic process music, Reich-Glass style, hypnotic and meditative",[Base Pattern] → [Gradual Phasing] → [Layering] → [Resolution],https://musaisong.app/en/style/minimalismo
Minimalismo Clásico,Hall of Centuries,100,38,94,"Classical Minimalism, repeating piano and string patterns, gradual phasing, hypnotic build, Glass-Reich-Richter style, meditative and emotional",[Cell A] → [gradual addition] → [layers] → [subtle shift] → luminous [resolution],https://musaisong.app/en/style/minimalismo-clasico
Misa Coral,Hall of Centuries,60,20,97,"Choral Mass, full SATB choir, pipe organ, sacred Latin text, soaring polyphony, cathedral reverb, sacred classical, transcendent and solemn",[Kyrie] → [Gloria] → [Sanctus] → [Agnus Dei] → sustained [Final],https://musaisong.app/en/style/misa-coral
Modal Jazz,Smoke and Midnight,100,32,93,"Modal Jazz, spacious modal harmony, expressive saxophone, sparse piano, open improvisation, meditative 60s modal jazz, deep and contemplative",[Theme] → extended sax [Solo] → piano [Solo] → [Final theme],https://musaisong.app/en/style/modal-jazz
Modern Boom Bap,Asphalt and Diamonds,90,26,88,"Modern Boom Bap, dusty vinyl drums, punchy snare, jazzy sample loop, intricate lyrical bars, golden era spirit with modern low end",[Scratch intro] → [Verse] → [Hook] → [Verse 2] → [Hook] → [Verse 3] → [Outro],https://musaisong.app/en/style/asf-boom-bap
Modern Country Anthem,Dust and Highway,126,20,84,"Modern Country Anthem, stadium production, layered vocals, hybrid drums, festival drop chorus, anthemic hooks, arena country 2020s",[Intro] → [Verse] → [Pre-build] → [Massive chorus] → [Verse 2] → [Chorus] → [Drop-bridge] → [Final chorus],https://musaisong.app/en/style/plv-modern-anthem
Modern R&B,Asphalt and Diamonds,96,22,88,"Modern R&B, silky falsetto vocals, lush synth pads, snapping trap-soul drums, sensual late-night groove, layered harmonies",[Intro] → [Verse] → [Pre-chorus] → [Chorus] → [Verse 2] → [Chorus] → [Bridge] → [Final chorus],https://musaisong.app/en/style/asf-modern-rnb
Morna Caboverdiana,Roots That Hold Fast,72,20,95,"Morna, acoustic guitar, cavaquinho, violin, soulful melancholic female vocals, Cape Verde island folk, saudade and sea breeze",[Intro] guitar → [Verse] → aching [Chorus] → [Verse 2] → gentle close,https://musaisong.app/en/style/morna-caboverdiana
Motown Pop,Summer Sun,124,14,93,"Motown Pop, tambourine backbeat, walking bass, bright horns, joyful call-and-response harmonies, 60s Detroit soul-pop, infectious and upbeat",[Intro] → [Verse] → [Harmony chorus] → [Verse 2] → [Bridge] → [Final chorus],https://musaisong.app/en/style/motown-pop
Mumble Rap,Street and Verse,130,30,88,"Mumble Rap, simple catchy melody, heavy 808s, repetitive hypnotic hooks, slurred melodic autotuned flow, modern trap-pop, catchy and hypnotic",[Intro] → [Hook] → [Verse] → [Hook] → [Verse 2] → [Final hook],https://musaisong.app/en/style/mumble-rap
Música Aleatoria,The Edge of the Map,0,72,91,"Aleatoric Music, chance-determined sounds, prepared piano, indeterminate timing, silence as composition, John Cage style, contemplative and unpredictable",[Random sound] → [silence] → [unpredictable event] → [silence] → [open-ended resolution],https://musaisong.app/en/style/musica-aleatoria
Música Andalusí,Distant Worlds,76,24,95,"Andalusian Classical, oud, rebab, qanun, orchestra and choir, refined Arab-Andalusian nubas, elegant and historic",[Slow mizan] → [gradual acceleration] → [orchestral chorus] → noble [cadence],https://musaisong.app/en/style/musica-andalusi
Música Árabe (Tarab),Distant Worlds,80,26,96,"Classical Arabic Tarab, oud, qanun, ney, string takht ensemble, ornamented maqam vocals, emotional improvisation, grand and passionate",[Taqsim] oud improvisation → [Verse] → [Orchestral chorus] → free-voice [Mawwal] → [Ecstatic finale],https://musaisong.app/en/style/musica-arabe-tarab
Música de Cámara,Hall of Centuries,78,18,95,"Chamber Music, small ensemble (piano, strings, winds), intimate refined interplay, classical-romantic, elegant and warm",[Allegro] → lyrical [Andante] → [Scherzo] → [Finale],https://musaisong.app/en/style/musica-de-camara
Música de Meditación,Breathing Silence,50,30,85,"Meditation Music, soft sustained pads, gentle singing bowls, slow breathing pace, deeply calming tones, guided meditation ambient, peaceful and grounding",[Opening] bowl → [Sustained pads] → [Deepening] → [Rest],https://musaisong.app/en/style/meditation-music
Música Sacra Renacentista,Hall of Centuries,56,20,95,"Renaissance Sacred Music, a cappella choir, flowing polyphony, modal harmonies, Palestrina style, pure and serene",[Voice entries] → [interwoven polyphony] → [modal climax] → serene [cadence],https://musaisong.app/en/style/musica-sacra-renacentista
Musical Theatre Ballad,Ballads That Break the Sky,72,26,93,"Musical Theatre Ballad, dramatic orchestra, theatrical building dynamics, powerful storytelling Broadway vocals, showstopper ballad, grand and emotive",[Intro] → narrative [Verse] → [Build] → showstopper [Chorus] → [Climax] sustained final note,https://musaisong.app/en/style/musical-theatre-ballad
Musique Concrète,The Edge of the Map,0,74,92,"Musique Concrète, manipulated tape recordings of real-world sounds, spliced field recordings, abstract sound sculpture, pioneering electroacoustic, eerie and inventive",[Concrete sound] → [manipulation] → [tape montage] → [abstract development] → [spatial resolution],https://musaisong.app/en/style/musique-concrete
Nana Ambiental (Lullaby),Breathing Silence,60,28,87,"Ambient Lullaby, gentle music box, soft humming, warm pads, tender slow melody, soothing ambient lullaby, tender and warm",[Music box] → [Hum] → [Warm pads] → [Soft rest],https://musaisong.app/en/style/lullaby-ambient
Nashville Sound,Dust and Highway,80,13,88,"Nashville Sound, smooth crooner vocals, lush string section, gentle backing choir, velvet 60s countrypolitan elegance",[String intro] → [Verse] → [Chorus] → [Verse 2] → [Chorus] → [Bridge] → [Final chorus],https://musaisong.app/en/style/plv-nashville-sound
Neo-Bolero,Rain Romance,85,52,93,"Neo-Bolero, nylon guitar with modern production, ambient pads, subtle electronic textures, intimate breathy vocals, cinematic Latin romance, modern and atmospheric",[Intro] guitar+pad → [Verse] → [Chorus] → [Verse 2] → [Bridge] atmospheric → [Final Chorus],https://musaisong.app/en/style/neo-bolero
Neo-Soul,Asphalt and Diamonds,92,30,88,"Neo-Soul, warm Rhodes chords, pocket groove drums, soulful expressive vocals, jazzy extensions, organic live feel, incense warmth",[Rhodes intro] → [Verse] → [Chorus] → [Verse 2] → [Chorus] → [Instrumental jam] → [Final chorus],https://musaisong.app/en/style/asf-neo-soul
Neo-Soul,Rain Romance,82,38,90,"Neo-Soul, warm Rhodes piano, jazzy chords, loose live drums, rich melismatic vocals, organic and soulful, modern soul romance",[Intro] Rhodes → [Verse] → [Chorus] → [Verse 2] → [Bridge] jazzy → [Final Chorus],https://musaisong.app/en/style/neo-soul
Neoclasicismo,Hall of Centuries,96,30,93,"Neoclassical, chamber orchestra, angular witty rhythms, clean modern harmonies, Stravinsky-Prokofiev style, sharp and elegant",[Rhythmic theme] → [contrast] → [angular development] → [recapitulation] → [dry ending],https://musaisong.app/en/style/neoclasicismo
Neoclásico,Breathing Silence,72,28,90,"Neoclassical, intimate solo piano, delicate string ensemble, minimal melodic motifs, emotional restraint, modern classical, tender and cinematic",[Intro] piano → [Theme] → [Strings enter] → [Soft climax] → [Outro] piano,https://musaisong.app/en/style/neoclasico
New Age,Breathing Silence,65,32,86,"New Age, gentle synth pads, soft piano, nature sounds, harp, peaceful meditative melodies, healing new age, serene and uplifting",[Intro] nature sounds → [Theme] piano → [Strings/harp] → [Soft climax] → [Outro],https://musaisong.app/en/style/new-age
New Orleans Bounce,Asphalt and Diamonds,100,46,82,"New Orleans Bounce, Triggerman beat, call-and-response chants, relentless booty-shake tempo, brass band flavor, block party sweat",[Call intro] → [Verse] → [Repetitive hook] → [Verse 2] → [Hook] → [Twerk breakdown] → [Final hook],https://musaisong.app/en/style/asf-bounce
New Orleans Jazz,Smoke and Midnight,120,28,93,"New Orleans Dixieland, collective improvisation, trumpet, clarinet, trombone, banjo, tuba, joyful traditional jazz, lively and warm",[Intro] → [Theme] collective → [Solo] clarinet → [Solo] trumpet → [Final theme],https://musaisong.app/en/style/new-orleans-jazz
New Romantic,Fog and Nostalgia,118,32,90,"New Romantic, lush analog synths, dramatic melodic bass, theatrical emotive vocals, glamorous 80s synth-pop, dreamy and romantic",[Intro] synths → [Verse] → [Chorus] dramatic → [Verse 2] → [Final Chorus],https://musaisong.app/en/style/new-romantic
New Wave,Electric Roads,128,28,92,"New Wave, bright synths and guitars, bouncy danceable bass, crisp drum machine, quirky catchy vocals, 80s art-pop rock, colorful and energetic",[Intro] synth → [Verse] → [Chorus] → [Verse 2] → [Bridge] → [Final Chorus],https://musaisong.app/en/style/new-wave
Nightcore,The Edge of the Map,170,50,88,"Nightcore, sped-up pitched-up pop vocals, accelerated energetic beat, hyper-bright euphoric remix, anime-fan aesthetic, frenetic and sugary",[Sped-up intro] → [Pitched verse] → [Hyperfast chorus] → [Verse 2] → [Final chorus],https://musaisong.app/en/style/nightcore
Nigún Judío,Sacred Ground,88,22,94,"Jewish Nigun, wordless soulful melody, voices and clarinet, building from meditative to joyful, Hasidic devotional, heartfelt and communal",[Meditative melody] → [repetition] → [joyful acceleration] → [communal climax] → [return],https://musaisong.app/en/style/nigun-judio
Nocturno para Piano,Hall of Centuries,64,18,96,"Romantic Nocturne, solo grand piano, lyrical singing melody, gentle rubato, Chopin style, intimate and poetic",[Theme A] lyrical → [Theme B] contrasting → [Theme A ornamented] → [Coda] suspended,https://musaisong.app/en/style/nocturno-piano
Noise,The Edge of the Map,0,78,91,"Noise, harsh walls of feedback, distortion textures, abrasive layered drones, no rhythm, extreme sonic art, intense and cathartic",[Noise emergence] → [feedback layers] → [sonic wall] → [abrasive climax] → [decay],https://musaisong.app/en/style/noise
Noise Pop,Fog and Nostalgia,130,38,91,"Noise Pop, fuzzy distorted guitars over sweet pop melodies, buried vocals, catchy hooks under noise, jangly noise pop, sweet and abrasive",[Intro] fuzz → [Verse] → [Chorus] catchy → [Verse 2] → [Final chorus],https://musaisong.app/en/style/noise-pop
Noise Rock,Electric Roads,120,42,88,"Noise Rock, abrasive dissonant guitars, feedback, pounding tribal drums, intense unhinged vocals, art-punk chaos, harsh and cathartic",[Intro] feedback → [Verse] → [Chaos] → [Verse 2] → [Outro] noise,https://musaisong.app/en/style/noise-rock
Nordic Folk,Roots That Hold Fast,95,26,94,"Nordic Folk, nyckelharpa, frame drum, hardanger fiddle, ethereal layered female vocals, Scandinavian ancestral folk, mystical and cold-bright",[Intro] drone → [Verse] → [Chorus] ethereal → [Instrumental] → [Final chorus in layers],https://musaisong.app/en/style/nordic-folk
Norteño con Sax,Roots That Hold Fast,110,8,98,"Norteño con saxofón, Regional Mexicano, accordion and saxophone interplay, bajo sexto, tarola, warm male vocals, danceable cumbia-norteña feel",[Intro] accordion+sax unison → [Verse] → [Chorus] → [Verse 2] → [Instrumental] sax solo → [Final chorus],https://musaisong.app/en/style/norteno-sax
Nu-Disco,Machines That Dream,118,26,91,"Nu-Disco, funky filtered disco guitar, groovy bassline, four-on-the-floor groove, lush strings, modern disco revival, funky and glamorous",[Intro] → [Verse] → [Chorus] → [Break] → [Final chorus],https://musaisong.app/en/style/nu-disco
Nu-Gaze,Fog and Nostalgia,110,38,90,"Nu-Gaze, modern shimmering shoegaze guitars, electronic textures, dreamy melodic vocals, polished wall of sound, modern shoegaze revival, lush and driving",[Intro] guitar → [Verse] → [Chorus] massive → [Verse 2] → [Climax],https://musaisong.app/en/style/nu-gaze
Nu-Jazz,Smoke and Midnight,110,34,90,"Nu-Jazz, electronic beats, live jazz instrumentation, atmospheric synths, fusion of jazz and downtempo, modern nu-jazz, smooth and futuristic",[Intro] → [Theme] → [Solo] → [Electronic break] → [Final theme],https://musaisong.app/en/style/nu-jazz
Nu-Metal,Storm and Steel,95,30,92,"Nu-Metal, down-tuned chugging guitars, hip-hop influenced grooves, turntable scratches, angsty rap-sung vocals, late-90s nu-metal, heavy and rhythmic",[Intro] → [Verse] rapped → [Chorus] sung → [Verse 2] → [Breakdown] → [Final Chorus],https://musaisong.app/en/style/nu-metal
NWOBHM,Storm and Steel,150,24,93,"New Wave of British Heavy Metal, energetic galloping guitars, melodic twin leads, driving drums, soaring clean vocals, classic British metal, mighty and melodic",[Intro] riff → [Verse] → [Chorus] → [Verse 2] → [Dual Guitar Solo] → [Final Chorus],https://musaisong.app/en/style/nwobhm
NY Drill,Asphalt and Diamonds,144,36,86,"New York Drill, chopped soul sample, sliding 808s, relentless double-time flow, borough pride, raw energy",[Sample intro] → [Verse] → [Hook] → [Verse 2] → [Hook] → [Outro],https://musaisong.app/en/style/asf-ny-drill
Obertura Dramática,Hall of Centuries,84,18,96,"Dramatic Overture, full orchestra, bold themes, dynamic contrasts, dramatic brass and strings, concert overture, sweeping and theatrical",[Slow Intro] → [Allegro] dramatic theme → [Lyrical Theme] → [Development] → [Triumphant Coda],https://musaisong.app/en/style/obertura-dramatica
Obertura Festiva,Hall of Centuries,120,18,94,"Festive Overture, brilliant fanfares, sparkling strings, energetic full orchestra, celebratory brass, Shostakovich style, joyous and dazzling",[Fanfare] → [Fast Theme] → [Lyrical Theme] → [Recapitulation] → [Brilliant Coda],https://musaisong.app/en/style/obertura-festiva
Old-School Hip-Hop,Street and Verse,110,20,94,"Old-School Hip-Hop, funky breakbeat, electro synths, party scratches, fun call-and-response flow, 80s block-party rap, playful and energetic",[Intro] scratch → [Verse] → [Hook] crowd-ready → [Verse 2] → [Final Hook],https://musaisong.app/en/style/old-school-hiphop
Ópera Bel Canto,Hall of Centuries,70,20,96,"Bel Canto Opera, agile coloratura soprano, elegant orchestral accompaniment, ornate vocal runs, Rossini-Bellini style, dazzling and graceful",[Recitative] → [Cavatina] lyrical → [Cabaletta] coloratura → [Brilliant Finale],https://musaisong.app/en/style/opera-bel-canto
Ópera Verista,Hall of Centuries,68,22,96,"Verismo Opera, passionate orchestra, raw emotional dramatic vocals, sweeping tragic melodies, Puccini style, heart-wrenching and grand",[Intro] → [Dramatic Recitative] → [Gut-Wrenching Aria] → [Tragic Climax] → [Devastating Finale],https://musaisong.app/en/style/opera-verista
Oratorio,Hall of Centuries,66,20,96,"Oratorio, large choir, orchestra, soloists, sacred dramatic narrative, Handel-Bach style, grand and reverent",[Overture] → [Recitative] → [Aria] → [Monumental Chorus] → [Final Chorale],https://musaisong.app/en/style/oratorio
Orchestral Pop Anthem,Ballads That Break the Sky,84,26,91,"Orchestral Pop Anthem, cinematic strings, big pop drums, choir, triumphant uplifting vocals, modern inspirational anthem, soaring and grand",[Intro] → [Verse] → [Pre-Chorus] → [Chorus] with choir → [Bridge] → [Massive Final Chorus],https://musaisong.app/en/style/orchestral-pop-anthem
Organ Trio,Smoke and Midnight,115,28,92,"Jazz Organ Trio, Hammond B3 organ, jazzy guitar, drums, groovy bluesy improvisation, classic organ trio, warm and swinging",[Head] → [Organ Solo] → [Guitar Solo] → [Head Out],https://musaisong.app/en/style/organ-trio-jazz
Outlaw Country,Dust and Highway,98,22,90,"Outlaw Country, gritty baritone vocals, raw electric guitar, driving train beat, harmonica, rebellious swagger, 70s Texas grit",[Intro] → [Verse] → [Chorus] → [Verse 2] → [Chorus] → [Solo] → [Final chorus],https://musaisong.app/en/style/plv-outlaw-country
Pagode,The Party That Never Ends,100,14,94,"Pagode, cavaquinho, pandeiro, tantã, banjo, warm group sing-along vocals, Brazilian backyard samba, intimate and festive",[Intro] cavaquinho → [Verse] → [Group chorus] → [Verse 2] → [Final chorus],https://musaisong.app/en/style/pagode
Paisaje Natural (Soundscape),Breathing Silence,45,40,83,"Nature Soundscape, immersive rain and forest sounds, distant thunder, gentle ambient pad, pure environmental atmosphere, calming nature soundscape, immersive and peaceful",[Sound landscape] → [natural layers] → [soft pad] → [dissolution],https://musaisong.app/en/style/nature-soundscape
Phonk,Asphalt and Diamonds,134,54,82,"Phonk, distorted cowbell melody, Memphis vocal samples, lo-fi bass distortion, drift-night energy, dark hypnotic loop",[Intro] → [Verse] → [Cowbell drop] → [Verse 2] → [Drop] → [Drift outro],https://musaisong.app/en/style/asf-phonk
Phonk,Street and Verse,130,30,90,"Phonk, distorted cowbell, lo-fi Memphis rap vocal chops, heavy 808s, dark menacing atmosphere, drift-racing energy, gritty and hypnotic",[Intro] → [Drop] cowbell → [Verse chops] → [Drop] → [Outro],https://musaisong.app/en/style/phonk
Piano Ballad,Ballads That Break the Sky,70,24,94,"Piano Ballad, solo grand piano, subtle strings, intimate then powerful vocals, emotional singer-songwriter ballad, raw and moving",[Intro] piano → [Verse] → [Chorus] → [Verse 2] → [Final chorus] with strings,https://musaisong.app/en/style/piano-ballad
Piano Cinematográfico Lento,Breathing Silence,62,30,88,"Slow Cinematic Piano, emotive grand piano, subtle swelling strings, deep reverb, slow moving film-like melody, cinematic piano, tender and grand",[Intro] piano → [Strings enter] → [Soft climax] → [Final rest],https://musaisong.app/en/style/slow-piano-cinematic
Piano Jazz Trío,Smoke and Midnight,120,28,93,"Jazz Piano Trio, elegant acoustic piano, brushed drums, walking upright bass, interactive improvisation, classic jazz trio, intimate and refined",[Theme] → [Piano solo] → [Bass solo] → [Final theme],https://musaisong.app/en/style/piano-jazz-trio
Piano Romántico Virtuoso,Hall of Centuries,92,22,95,"Virtuoso Romantic Piano, dazzling solo piano, thunderous octaves, lyrical passages, dramatic dynamics, Liszt style, breathtaking and passionate",[Dramatic opening] → [Lyrical theme] → [Virtuoso passage] → [Climax] → [Dazzling coda],https://musaisong.app/en/style/piano-romantico-virtuoso
Piano Solo,Breathing Silence,70,26,90,"Solo Piano, intimate expressive grand piano, gentle dynamics, emotional minimalist melodies, no other instruments, modern solo piano, tender and pure",[Intro] → [Theme] → [Development] → [Gentle climax] → [Final rest],https://musaisong.app/en/style/piano-solo
Plugg,Street and Verse,140,36,87,"Plugg, dreamy bell-like synths, bouncy 808s, airy spacious beat, laid-back melodic flow, internet trap subgenre, floaty and futuristic",[Intro] → [Verse] → [Hook] → [Verse 2] → [Outro],https://musaisong.app/en/style/plugg
Plugg,Asphalt and Diamonds,132,56,78,"Plugg, soft bell melodies, airy pads, bouncy but gentle 808s, relaxed melodic flow, dreamy underground smoothness",[Bell intro] → [Verse] → [Soft hook] → [Verse 2] → [Hook] → [Floating outro],https://musaisong.app/en/style/asf-plugg
Plunderphonics,The Edge of the Map,100,68,91,"Plunderphonics, dense sample collage, recontextualized fragments, layered found sounds, surreal juxtapositions, avant-garde montage, dizzying and clever",[Fragment] → [Sample collage] → [Juxtaposition] → [Dense climax] → [Abrupt cut],https://musaisong.app/en/style/plunderphonics
Poema Sinfónico,Hall of Centuries,76,22,95,"Symphonic Poem, programmatic orchestra, evolving themes depicting a story, lush dramatic dynamics, Strauss-Liszt style, vivid and grand",[Character theme] → [Transformation] → [Conflict] → [Climax] → [Narrative resolution],https://musaisong.app/en/style/poema-sinfonico
Pop de Verano Latino,Summer Sun,106,18,92,"Latin Summer Pop, reggaeton-pop beat, bright guitars, tropical synths, catchy festive Spanish vocals, summer-hit crossover, sunny and euphoric",[Intro] → [Verse] → [Pre-Chorus] → [Chorus] → [Verse 2] → [Final Chorus],https://musaisong.app/en/style/pop-verano-latino
Pop Mainstream,Summer Sun,116,16,96,"Modern Pop, bright synths, punchy drums, huge catchy chorus, polished radio production, confident pop vocals, chart-topping anthem, euphoric and clean",[Intro] → [Verse] → [Pre-chorus] → [Chorus/drop] → [Verse 2] → [Bridge] → [Final chorus],https://musaisong.app/en/style/pop-mainstream
Pop Punk,Electric Roads,170,26,92,"Pop Punk, fast palm-muted guitars, energetic drums, catchy melodic bratty vocals, big singalong choruses, 2000s pop punk, youthful and explosive",[Intro] → [Verse] → [Pre-Chorus] → [Chorus] catchy → [Verse 2] → [Final Chorus],https://musaisong.app/en/style/pop-punk
Pop-Rock Ballad,Ballads That Break the Sky,76,24,92,"Pop-Rock Ballad, piano and electric guitar, building drums, earnest powerful vocals, modern radio rock ballad, anthemic and heartfelt",[Intro] piano → [Verse] → [Pre-Chorus] → [Chorus] with guitars → [Verse 2] → [Final Chorus],https://musaisong.app/en/style/pop-rock-ballad
Pop-Rock Soleado,Summer Sun,122,18,92,"Sunny Pop-Rock, bright electric guitars, driving drums, big singalong chorus, energetic optimistic vocals, feel-good pop-rock, uplifting and warm",[Guitar Intro] → [Verse] → [Pre-Chorus] → [Chorus] → [Verse 2] → [Final Chorus],https://musaisong.app/en/style/pop-rock-soleado
Post-Metal,Storm and Steel,100,36,90,"Post-Metal, atmospheric building guitars, dynamic quiet-to-crushing swells, sparse roared vocals, cinematic heaviness, post-metal, expansive and cathartic",[Intro] atmosphere → [Long Build] → [Crushing Climax] → [Calm] → [Final Climax],https://musaisong.app/en/style/post-metal
Post-Minimalismo,Breathing Silence,80,34,87,"Post-Minimalism, lush repetitive string patterns, warm evolving harmony, gentle rhythmic pulse, emotional minimalist classical, warm and flowing",[String Pattern] → [Harmonic Evolution] → [Warm Layers] → [Resolution],https://musaisong.app/en/style/post-minimalism
Post-Punk,Electric Roads,130,30,92,"Post-Punk, angular guitars, prominent driving bass, cold drum-machine feel, detached baritone vocals, dark atmospheric energy, 80s post-punk, tense and stylish",[Intro] bass → [Verse] → [Chorus] → [Verse 2] → [Bridge] → [Final Chorus],https://musaisong.app/en/style/post-punk
Post-Rock,Fog and Nostalgia,95,40,94,"Post-Rock, atmospheric building guitars, dynamic crescendos, no vocals, cinematic swells, emotional instrumental rock, expansive and cathartic",[Intro] atmosphere → [Long Build] → [Massive Climax] → [Calm] → [Final Climax],https://musaisong.app/en/style/post-rock
Post-Rock Cinematográfico,Fog and Nostalgia,90,38,90,"Cinematic Post-Rock, atmospheric guitars with orchestral strings, slow builds, huge emotional crescendos, no vocals, film-like post-rock, epic and moving",[Intro] strings → [Build] → [Orchestral Climax] → [Calm] → [Final Climax],https://musaisong.app/en/style/post-rock-cinematico
Post-Rock Melancólico,Fog and Nostalgia,80,38,90,"Melancholic Post-Rock, delicate clean guitars, sparse piano, slow mournful build, subtle strings, no vocals, sad cinematic post-rock, fragile and moving",[Intro] clean guitar → [Slow build] → [Soft climax] → [Calm] → [Outro],https://musaisong.app/en/style/melancholic-post-rock
Power Ballad,Ballads That Break the Sky,72,51,97,"Power Ballad, soaring electric guitar solo, big drums, lush strings, massive belting vocals, 80s arena rock ballad, explosive and emotional",[Intro] soft piano → [Verse] intimate → [Pre-Chorus] building → [Chorus] HUGE → [Verse 2] → [Guitar Solo] → [Final Chorus] modulated,https://musaisong.app/en/style/power-ballad
Power Electronics,The Edge of the Map,0,80,89,"Power Electronics, harsh feedback synths, screaming distortion, brutal layered noise, cathartic intensity, extreme industrial noise, overwhelming and visceral",[Brutal emergence] → [feedback layers] → [overwhelming wall] → [visceral climax] → [abrupt cut],https://musaisong.app/en/style/power-electronics
Power Metal,Storm and Steel,170,24,95,"Power Metal, fast galloping guitars, double-kick drums, orchestral keyboards, soaring operatic clean vocals, epic fantasy metal, heroic and triumphant",[Intro] epic → [Verse] → [Pre-chorus] → [Chorus] heroic → [Verse 2] → [Solo] → [Final chorus],https://musaisong.app/en/style/power-metal
Power Pop,Electric Roads,140,24,91,"Power Pop, crunchy bright guitars, tight drums, sweet harmonies, catchy hook-driven melodies, upbeat energetic vocals, 70s-90s power pop, punchy and sunny",[Intro] riff → [Verse] → [Chorus] catchy → [Verse 2] → [Solo] → [Final chorus],https://musaisong.app/en/style/power-pop
Prairie Ballad,Dust and Highway,66,26,90,"Prairie Ballad, wide-open cinematic country, soaring reverbed vocals, ambient steel guitar, big sky atmosphere, wheat-field slow burn",[Wind intro] → [Verse] → [Chorus] → [Verse 2] → [Prairie interlude] → [Open final chorus],https://musaisong.app/en/style/plv-prairie-ballad
Praise Break Gospel,Sacred Ground,130,22,94,"Gospel Praise Break, frantic Hammond organ, driving drums, shout band, ecstatic shouting vocals, high-energy Pentecostal praise, explosive and joyous",[Organ build] → [acceleration] → [jubilation explosion] → [shout band] → [ecstatic climax],https://musaisong.app/en/style/gospel-praise-break
Progressive House,Machines That Dream,126,24,93,"Progressive House, layered building synths, driving bassline, long emotional build, euphoric melodic drop, festival progressive, expansive and uplifting",[Intro] → [Long build] → [Melodic drop] → [Break] → [Euphoric final drop],https://musaisong.app/en/style/progressive-house
Progressive Metal,Storm and Steel,140,34,92,"Progressive Metal, complex shifting time signatures, technical guitars, intricate drumming, dynamic clean vocals, virtuosic instrumental sections, prog metal, intricate and epic",[Intro] → [Section A] → [Section B] time signature shift → [Virtuoso solo] → [Section C] → [Epic finale],https://musaisong.app/en/style/progressive-metal
Psychedelic Rock,Electric Roads,110,36,91,"Psychedelic Rock, swirling phaser guitars, hypnotic groove, sitar textures, dreamy reverb vocals, 60s-70s psych, trippy and expansive",[Intro] groove → [Verse] → [Chorus] → [Long instrumental jam] → [Final chorus],https://musaisong.app/en/style/psychedelic-rock
Psytrance,Machines That Dream,145,34,91,"Psytrance, fast rolling acid bassline, psychedelic swirling synths, hypnotic driving beat, trippy build, full-on psytrance, psychedelic and intense",[Intro] → [Build] → [Rolling drop] → [Psychedelic break] → [Final drop],https://musaisong.app/en/style/psytrance
Punk Rock,Electric Roads,175,26,94,"Punk Rock, fast buzzsaw guitars, pounding drums, raw shouted vocals, three-chord energy, rebellious and loud, 70s-80s punk, fast and furious",[Intro] → [Verse] → [Chorus] → [Verse 2] → [Chorus] → [Chaotic outro],https://musaisong.app/en/style/punk-rock
Qawwali,Distant Worlds,100,28,97,"Qawwali, harmonium, tabla, dholak, hand claps, ecstatic call-and-response Sufi vocals, building to trance, Pakistani devotional, overwhelming and transcendent",[Harmonium intro] → [Verse] → [Chorus response] → [Acceleration] → [Ecstasy] handclaps and voice at the limit,https://musaisong.app/en/style/qawwali
Quebradita / Tecnobanda,The Party That Never Ends,150,16,92,"Quebradita, Tecnobanda, synth brass, fast banda rhythm, energetic vocals, 90s Mexican dance craze, bouncy and acrobatic",[Intro] brass → [Verse] → [Chorus] → [Instrumental] → [Final chorus],https://musaisong.app/en/style/quebradita
Quiet Storm,Rain Romance,68,26,92,"Quiet Storm, smooth saxophone, lush synth pads, soft electric piano, mellow seductive vocals, late-night soul radio, silky and warm",[Intro] sax → [Verse] → [Chorus] → [Instrumental] sax → [Final Chorus],https://musaisong.app/en/style/quiet-storm
Quiet Storm,Asphalt and Diamonds,72,16,88,"Quiet Storm, whispered sensual vocals, smooth saxophone, silky Rhodes, slow simmering groove, midnight FM radio romance",[Sax intro] → [Verse] → [Chorus] → [Verse 2] → [Chorus] → [Sax solo] → [Whispered final chorus],https://musaisong.app/en/style/asf-quiet-storm
R&B Ballad,Ballads That Break the Sky,70,26,91,"R&B Ballad, lush keys, layered harmonies, deep bass, melismatic emotional vocals, contemporary R&B power ballad, smooth and soaring",[Intro] → [Verse] → [Pre-Chorus] → [Chorus] → [Bridge] → [Final Chorus with riffs],https://musaisong.app/en/style/rnb-ballad
R&B de los 90,Rain Romance,70,24,95,"90s R&B, smooth synth pads, finger snaps, deep bass, layered silky harmonies, melismatic romantic vocals, baby-making slow jam, lush and sensual",[Intro] → [Verse] → [Pre-Chorus] → [Chorus] harmonies → [Verse 2] → [Bridge] → [Final Chorus],https://musaisong.app/en/style/rnb-90s
R&B Empowerment,Asphalt and Diamonds,100,24,87,"Empowerment R&B, commanding female vocals with runs, punchy modern production, anthemic self-worth chorus, strut tempo, fierce elegance",[Intro] → [Verse] → [Pre-chorus] → [Power chorus] → [Verse 2] → [Chorus] → [Climax bridge] → [Final chorus],https://musaisong.app/en/style/asf-rnb-power
R&B en Español,Rain Romance,90,45,88,"Spanish R&B, smooth modern production, trap-soul hi-hats, warm 808s, silky melodic Spanish vocals, contemporary Latin R&B, sensual and atmospheric",[Intro] → [Verse] → [Pre-Chorus] → [Chorus] → [Verse 2] → [Final Chorus],https://musaisong.app/en/style/rnb-espanol
Raga Indostaní,Distant Worlds,70,30,98,"Hindustani Classical, sitar, tabla, tanpura drone, improvised raga, meditative alap building to fast gat, North Indian classical, hypnotic and transcendent","[Alap] free, no pulse → [Jor] → [Gat] tabla enters → [Acceleration] → [Climax] tihai",https://musaisong.app/en/style/raga-indostani
Rage,Asphalt and Diamonds,150,60,80,"Rage Beat, distorted sawtooth synth leads, pounding 808s, chaotic energetic flow, crowd-jumping intensity, glitchy transitions",[Intro build] → [Verse] → [Explosive hook] → [Verse 2] → [Hook] → [Beat switch] → [Final hook],https://musaisong.app/en/style/asf-rage
Rage Rap,Street and Verse,150,38,87,"Rage Rap, distorted aggressive synths, heavy distorted 808s, frantic energetic flow, mosh-pit energy, hyper-aggressive trap, explosive and chaotic",[Intro] → [Build] → [Chaotic Drop] → [Verse] → [Final Drop],https://musaisong.app/en/style/rage-rap
Ragga Hip-Hop,Street and Verse,95,26,90,"Ragga Hip-Hop, reggae-influenced beat, dub bass, rapid patois-rap flow, dancehall energy, Jamaican-rap fusion, bouncy and hot",[Intro] → [Verse] toasting → [Hook] → [Verse 2] → [Final Hook],https://musaisong.app/en/style/ragga-hiphop
Ragtime,Smoke and Midnight,100,24,93,"Ragtime, syncopated piano, steady stride bass, cheerful melodic phrases, early-jazz piano, classic ragtime, bright and nostalgic",[Section A] → [Section B] → [Section A] → [Section C] → [Final Section A],https://musaisong.app/en/style/ragtime
Raï Argelino,Distant Worlds,110,24,93,"Algerian Raï, synth, guitar, derbouka, gasba flute, passionate North African vocals, rebellious Maghreb pop, fiery and danceable",[Intro] → [Verse] → [Chorus] → [Derbouka Instrumental] → [Final Chorus],https://musaisong.app/en/style/rai-argelino
Ranchera Épica,Roots That Hold Fast,78,11,100,"Regional Mexicano, Ranchera, Mariachi, trumpets, vihuela, guitarrón, emotional grito mexicano, passionate belting, deep male vocals, traditional acoustic",[Intro] trumpets → [Verse] intimate → [Pre-Chorus] building → [Chorus] EXPLOSIVE + shout → [Verse 2] → [Bridge] near a cappella → [Final Chorus] with modulation → final shout,https://musaisong.app/en/style/ranchera-epica
Rap en Español,Street and Verse,90,22,92,"Spanish Rap, classic boom bap beat, soul sample, deep bass, sharp articulate Spanish lyrical flow, Ibero-American street rap, raw and skilled",[Intro] → [Verse 1] → [Hook] → [Verse 2] → [Hook] → [Verse 3] → [Outro],https://musaisong.app/en/style/rap-en-espanol
Rebetiko Griego,Roots That Hold Fast,100,22,95,"Rebetiko, bouzouki lead, baglama, guitar, raw soulful male vocals, Greek urban blues, melancholic and proud, smoky taverna mood",[Taximi] free bouzouki → [Verse] → [Chorus] → [Instrumental] → [Final Verse],https://musaisong.app/en/style/rebetiko-griego
Red Dirt,Dust and Highway,110,22,86,"Red Dirt Country, rough-edged sincere vocals, fiddle and electric guitar, live band energy, Oklahoma-Texas roadhouse sound",[Intro] → [Verse] → [Chorus] → [Verse 2] → [Chorus] → [Solo] → [Final chorus],https://musaisong.app/en/style/plv-red-dirt
Reggae Fusion,Street and Verse,95,28,89,"Reggae Fusion, reggae groove with pop and R&B elements, modern production, smooth melodic vocals, catchy hooks, radio-friendly reggae, sunny and polished",[Intro] → [Verse] → [Chorus] → [Verse 2] → [Final Chorus],https://musaisong.app/en/style/reggae-fusion
Reggae Roots,Street and Verse,75,18,96,"Roots Reggae, one-drop drums, deep dub bassline, skanking guitar, Hammond organ, soulful conscious vocals, Jamaican roots, warm and uplifting",[Intro] groove → [Verse] → [Chorus] → [Verse 2] → [Chorus] → [Bridge] dub → [Final Chorus],https://musaisong.app/en/style/reggae-roots
Reggaetón Perreo,The Party That Never Ends,92,22,93,"Reggaetón, dembow riddim, deep 808 bass, catchy melodic hooks, confident urban vocals, Latin club anthem, hard and danceable",[Intro] → [Verse] → [Pre-Chorus] → [Chorus/Hook] → [Verse 2] → [Final Chorus] → Outro,https://musaisong.app/en/style/reggaeton-perreo
Reggaetón Romántico,Rain Romance,92,25,90,"Romantic Reggaetón, soft dembow, melodic 808s, autotuned tender vocals, catchy emotional hooks, Latin urban romance, smooth and danceable",[Intro] → [Verse] → [Pre-Chorus] → [Chorus/Hook] → [Verse 2] → [Final Chorus],https://musaisong.app/en/style/reggaeton-romantico
Réquiem,Hall of Centuries,58,22,97,"Requiem, full choir and orchestra, dramatic Latin mass for the dead, powerful Dies Irae, mournful Lacrimosa, Mozart-Verdi style, devastating and sublime",[Requiem aeternam] → [Dies Irae] fierce → [Lacrimosa] sorrowful → [Sanctus] → [Lux aeterna],https://musaisong.app/en/style/requiem
Rock Anatolio (Psych),Distant Worlds,110,34,92,"Anatolian Psych Rock, electric saz, fuzz guitar, organ, Turkish folk melodies, psychedelic groove, hypnotic and gritty",[Saz intro] → [Verse] → [Chorus] → [Psychedelic jam] → [Final Chorus],https://musaisong.app/en/style/anatolian-psych-rock
Rock Ballad 80s,Ballads That Break the Sky,68,30,95,"80s Rock Ballad, clean intro guitar, gated reverb drums, soaring guitar solo, raspy passionate vocals, hair-metal power ballad, anthemic and nostalgic",[Intro] clean guitar → [Verse] → [Chorus] → [Verse 2] → [Solo] epic → [Final Chorus],https://musaisong.app/en/style/rock-ballad-80s
Rock Clásico,Electric Roads,120,22,97,"Classic Rock, crunchy electric guitars, driving bass, powerful live drums, soulful belting rock vocals, blues-rock guitar solo, 70s arena rock, raw and timeless",[Intro] riff → [Verse] → [Chorus] → [Verse 2] → [Solo] guitar → [Final Chorus],https://musaisong.app/en/style/rock-clasico
Rock en Español (Alternativo),Electric Roads,120,30,92,"Latin Alternative Rock, dynamic guitars, ska and reggae touches, melodic bass, charismatic expressive Spanish vocals, Ibero-American alternative, eclectic and warm",[Intro] → [Verse] → [Chorus] → [Verse 2] → [Bridge] → [Final Chorus],https://musaisong.app/en/style/rock-en-espanol
Rock Urbano,Electric Roads,125,28,93,"Urban Rock, gritty electric guitars, driving rhythm, raspy passionate Spanish vocals, working-class anthemic energy, Ibero-American rock, raw and proud",[Intro] riff → [Verse] → [Chorus] → [Verse 2] → [Solo] → [Final Chorus],https://musaisong.app/en/style/rock-urbano
Rockabilly,Electric Roads,160,24,93,"Rockabilly, slap upright bass, twangy hollow-body guitar, shuffle drums, energetic hiccupping vocals, 50s rock-and-roll, retro and bouncy",[Intro] → [Verse] → [Chorus] → [Guitar Solo] → [Verse 2] → [Final Chorus],https://musaisong.app/en/style/rockabilly
Rumba Congolesa,Distant Worlds,110,22,93,"Congolese Rumba, smooth intertwined guitars, gentle horns, warm groove, melodic Lingala vocals, classic Central African, elegant and romantic",[Guitar Intro] → [Melodic Verse] → [Chorus] → [Soft Sebene] → [Final Chorus],https://musaisong.app/en/style/rumba-congolesa
Rumba Flamenca,Roots That Hold Fast,110,18,92,"Rumba Flamenca, festive Spanish guitar, palmas, cajón, warm catchy male vocals, danceable Gipsy rhythm, sunny Mediterranean folk",[Intro] rhythmic guitar → [Verse] → [Catchy Chorus] → [Verse 2] → [Chorus] → final handclaps,https://musaisong.app/en/style/rumba-flamenca
Sacra Celestial (Ambient),Sacred Ground,60,32,93,"Celestial Sacred Ambient, ethereal layered choir, soft pads, harp, wordless angelic vocals, heavenly atmospheric, transcendent and luminous",[Celestial pad] → [angelic voices] → [luminous swell] → [ethereal climax] → [dissolution],https://musaisong.app/en/style/musica-celestial-ambient-sacra
Sacra Etíope (Copta),Sacred Ground,64,26,94,"Ethiopian Coptic Chant, kebero drum, sistrum, prayer staff rhythm, ancient modal chanting, Orthodox Tewahedo liturgy, ancient and hypnotic",[Modal chant] → [kebero enters] → [sistrum] → [liturgical development] → [ancestral cadence],https://musaisong.app/en/style/musica-sacra-coptica
Sadcore,Fog and Nostalgia,70,38,92,"Sadcore, melancholic slow guitars, soft piano, mournful tender vocals, downbeat atmosphere, sad slow indie, melancholic and intimate",[Intro] piano → [Verse] → [Chorus] → [Verse 2] → [Soft Outro],https://musaisong.app/en/style/sadcore
Salsa Dura,The Party That Never Ends,98,18,98,"Salsa Dura, aggressive brass section, piano montuno, timbales, congas, bongó, powerful sonero vocals, coro pregón, New York Latin fire",[Intro] montuno piano → [Verse] → [Chorus/Pregón] → [Mambo] brass → [Montuno] improvised soneo → [Final Chorus],https://musaisong.app/en/style/salsa-dura
Salsa Romántica,The Party That Never Ends,180,20,95,"Salsa Romántica, smooth brass, piano montuno, congas, tender romantic male vocals, sensual coro, Puerto Rican dance romance",[Intro] piano → [Tender Verse] → [Chorus] → [Soft Mambo] → [Montuno] → [Final Chorus],https://musaisong.app/en/style/salsa-con-alma
Samba Batucada,The Party That Never Ends,130,16,96,"Samba Batucada, surdo, tamborim, agogô, cuíca, full percussion battery, euphoric carnival chant vocals, Rio carnival, explosive and joyous",[Intro] surdo → [Chamada] → [Drum Groove] → [Break] → [Euphoric Final Groove],https://musaisong.app/en/style/samba-batucada
Saya Caporal,Roots That Hold Fast,100,18,92,"Saya Caporal, Afro-Bolivian rhythm, bombo drums, brass, energetic group vocals, festive andean-afro fusion, danceable parade music",[Intro] bass drums → [Verse] → [Group Chorus] → [Brass Instrumental] → [Final Chorus],https://musaisong.app/en/style/saya-caporal
Score Cinematográfico Clásico,Hall of Centuries,80,22,95,"Golden-Age Film Score, sweeping orchestra, heroic leitmotifs, lush romantic strings, brass fanfares, classic Hollywood style, grand and emotional",[Main Theme] → [Development] → [Romantic Theme] → [Heroic Climax] → [Resolution],https://musaisong.app/en/style/score-cinematografico-clasico
Señal Sin Nombre,The Edge of the Map,0,75,95,"Unclassifiable, evolving electronic-organic hybrid, sounds with no genre, a transmission from somewhere not yet mapped, beautiful and strange, the music that does not exist yet",[Signal emerging from silence] → [form without a name yet] → [recognition] → [climax of the new] → [open door],https://musaisong.app/en/style/senal-sin-nombre
Sertanejo Romántico,Rain Romance,92,18,92,"Sertanejo Universitário, acoustic guitar, accordion, modern pop production, heartfelt romantic Portuguese vocals, Brazilian country romance, warm and catchy",[Intro] guitar → [Verse] → [Chorus] → [Verse 2] → [Final chorus],https://musaisong.app/en/style/sertanejo-romantico
Sevdah Bosnio,Distant Worlds,66,24,94,"Sevdah, accordion, saz, strings, deeply melancholic Bosnian vocals, Balkan urban love song, sorrowful and beautiful",[Accordion intro] → [Verse] → [Aching chorus] → [Verse 2] → [Suspended ending],https://musaisong.app/en/style/sevdah-bosnio
Sevillanas / Copla,Roots That Hold Fast,125,14,95,"Sevillanas y Copla, Spanish guitar, palmas, castanets, proud expressive female vocals, Andalusian festive folk, sunny and theatrical",[Intro] guitar → [Verse 1] → [Verse 2] → [Verse 3] → [Verse 4] closing,https://musaisong.app/en/style/sevillanas-copla
Shabad Kirtan Sij,Sacred Ground,78,22,94,"Sikh Shabad Kirtan, harmonium, tabla, dilruba, serene devotional Gurbani vocals, contemplative raga-based hymn, peaceful and devout",harmonium [Intro] → [Shabad Verse] → [serene refrain] → [development] → [full cadence],https://musaisong.app/en/style/devocional-sij-shabad
Shibuya-kei,Summer Sun,116,30,92,"Shibuya-kei, lounge samba samples, bossa guitar, vintage strings, breezy stylish Japanese vocals, retro-chic Tokyo pop, sophisticated and playful",[Chic intro] → [Verse] → [Chorus] → [Lounge interlude] → [Final chorus],https://musaisong.app/en/style/shibuya-kei
Shoegaze,Fog and Nostalgia,100,42,96,"Shoegaze, walls of reverb-drenched distorted guitars, buried ethereal vocals, dreamy melodic bass, hazy wash of sound, classic shoegaze, overwhelming and beautiful",[Intro] guitar wall → [Verse] buried vocals → [Chorus] enormous → [Verse 2] → [Climax] wall of sound,https://musaisong.app/en/style/shoegaze
Shōmyō (Templo Japonés),Sacred Ground,46,30,94,"Japanese Shomyo, Buddhist monk chanting, low sustained vocals, temple bell, mokugyo wood block, sparse meditative phrasing, ancient and serene",[Bell] → [sustained deep chant] → [rhythmic mokugyo] → [deepening] → [resonant silence],https://musaisong.app/en/style/shomyo-templo-japones
Sinfonía Romántica,Hall of Centuries,72,20,98,"Romantic Symphony, full orchestra, sweeping strings, heroic brass, timpani, lush dynamics, 19th-century symphonic, grand and emotional",[Exposition] heroic theme → [Development] → [Recapitulation] → [Climax] tutti → [Coda] triumphant,https://musaisong.app/en/style/sinfonia-romantica
Slow Jam,Asphalt and Diamonds,64,18,89,"R&B Slow Jam, sultry intimate vocals, slow heavy groove, smooth bass, whispered ad-libs, bedroom candlelight mood",[Intro] → [Verse] → [Chorus] → [Verse 2] → [Chorus] → [Whispered bridge] → [Final chorus],https://musaisong.app/en/style/asf-slow-jam
Slow Jam,Rain Romance,65,22,93,"Slow Jam, deep bass, soft kicks, lush harmonies, passionate pleading vocals, intimate R&B ballad, slow and sensual",[Intro] → [Verse] → [Chorus] → [Verse 2] → [Bridge] ad-libs → [Final chorus],https://musaisong.app/en/style/slow-jam
Slowcore,Fog and Nostalgia,65,40,93,"Slowcore, sparse slow guitars, minimal drums, fragile whispered vocals, vast empty space, melancholic minimalism, fragile and aching",[Intro] slow guitar → [Verse] fragile → [Chorus] soft → [Verse 2] → [Outro] suspended,https://musaisong.app/en/style/slowcore
Sludge Metal,Storm and Steel,80,34,90,"Sludge Metal, thick distorted down-tuned riffs, slow heavy groove, harsh raw vocals, swampy crushing tone, sludge, heavy and gritty",[Intro] riff → [Verse] → [Chorus] → [Riff] heavy → [Verse 2] → [Outro],https://musaisong.app/en/style/sludge-metal
Smooth Jazz,Smoke and Midnight,95,24,92,"Smooth Jazz, silky saxophone lead, soft electric piano, smooth bass, polished groove, contemporary smooth jazz, mellow and warm",[Intro] → [Theme] sax → [Solo] piano → [Theme] sax → [Outro],https://musaisong.app/en/style/smooth-jazz
Smooth R&B Moderno,Rain Romance,72,30,90,"Modern Smooth R&B, clean minimal production, deep sub bass, crisp snaps, polished melodic vocals, contemporary love song, sleek and warm",[Intro] → [Verse] → [Pre-Chorus] → [Chorus] → [Verse 2] → [Final Chorus],https://musaisong.app/en/style/smooth-rnb-moderno
Snap Throwback,Asphalt and Diamonds,104,34,82,"Snap Music, finger-snap percussion, minimal whistling melody, chant hook, mid-2000s ringtone era dance energy, playful swagger",[Snap intro] → [Verse] → [Choreography hook] → [Verse 2] → [Hook] → [Dance break] → [Final hook],https://musaisong.app/en/style/asf-snap
Soca,The Party That Never Ends,145,16,94,"Soca, fast brass and synth, driving percussion, euphoric carnival vocals, call-to-jump hooks, Trinidad carnival music, explosive and joyous",[Intro] brass → [Verse] → [Chorus] euphoric → [Break] → [Final Chorus with jump],https://musaisong.app/en/style/soca
Son Cubano,The Party That Never Ends,95,14,97,"Son Cubano, tres guitar, bongó, maracas, upright bass, soulful montuno vocals, coro, classic Cuban roots dance, warm and timeless",[Intro] tres → [Largo/Verse] → [Montuno] chorus → [Soneo] → [Final Chorus],https://musaisong.app/en/style/son-cubano
Son Jarocho,Roots That Hold Fast,140,16,96,"Son Jarocho, jarana guitars, requinto jarocho, harp, zapateado percussion, call and response vocals, Veracruz folk, festive acoustic",[Intro] jarana → [Verse 1] → [Chorus] → [Verse 2] → [Zapateado] instrumental → [Final Chorus],https://musaisong.app/en/style/son-jarocho
Sonata Clásica,Hall of Centuries,88,16,96,"Classical Sonata, solo piano, balanced elegant themes, clear classical structure, Mozart-Beethoven style, graceful and precise",[Exposition] theme A and B → [Development] → [Recapitulation] → [Coda],https://musaisong.app/en/style/sonata-clasica
Sophisti-Pop,Summer Sun,108,22,92,"Sophisti-Pop, smooth jazz-pop chords, sax solos, polished 80s production, suave sophisticated vocals, upscale adult pop, elegant and breezy",[Intro] → [Verse] → [Chorus] → [Verse 2] → [Sax Solo] → [Final Chorus],https://musaisong.app/en/style/sophisti-pop-sol-de-verano
Sophisti-Pop,Fog and Nostalgia,105,30,90,"Sophisti-Pop, smooth jazzy chords, lush 80s production, saxophone, polished melancholic vocals, sophisticated 80s pop, elegant and wistful",[Intro] → [Verse] → [Chorus] → [Verse 2] → [Solo] sax → [Final Chorus],https://musaisong.app/en/style/sophisti-pop
Soukous Congolés,Distant Worlds,130,22,93,"Soukous, sparkling intertwined electric guitars, fast sebene groove, tight percussion, smooth Lingala vocals, Congolese dance, bright and euphoric",[Slow intro] → [Verse] → [Chorus] → [Sebene] fast guitars → [Euphoric outro],https://musaisong.app/en/style/soukous-congoles
Soul Ballad,Ballads That Break the Sky,68,22,93,"Soul Ballad, warm organ, horns, gospel-tinged backing, deeply emotive powerful vocals, classic soul heartbreak ballad, raw and moving",[Intro] → [Verse] → [Chorus] → [Verse 2] → [Bridge] ad-libs → [Final chorus],https://musaisong.app/en/style/soul-ballad
Soul Clásico,Rain Romance,75,16,97,"Classic Soul, Motown-style, warm organ, horn section, tight rhythm section, heartfelt powerful vocals, 60s soul romance, warm and timeless",[Intro] → [Verse] → [Chorus] → [Verse 2] → [Bridge] gospel → [Final chorus with ad-libs],https://musaisong.app/en/style/soul-clasico
Soul Jazz,Smoke and Midnight,100,26,93,"Soul Jazz, Hammond organ groove, bluesy guitar, tight horns, funky drums, gospel-tinged jazz, warm and groovy",[Intro] organ → [Head] → [Solo] organ → [Solo] guitar → [Final head],https://musaisong.app/en/style/soul-jazz
Sound Bath,Breathing Silence,45,38,84,"Sound Bath, resonant crystal and Tibetan bowls, gongs, sustained healing frequencies, immersive overtones, therapeutic sound bath, immersive and healing",[Bowls] → [Gong] → [Layered resonance] → [Final rest],https://musaisong.app/en/style/sound-bath
Sound Collage,The Edge of the Map,0,70,90,"Sound Collage, layered spoken word, field recordings, radio static, juxtaposed audio fragments, tape experiment, surreal and narrative",[Spoken fragment] → [Field sound layers] → [Narrative juxtaposition] → [Dense climax] → [Silence],https://musaisong.app/en/style/sound-collage
Southern Rock,Dust and Highway,118,24,88,"Southern Rock, triple guitar attack, gritty male vocals, Hammond B3, swampy groove, whiskey-soaked swagger, extended guitar solo",[Intro] → [Verse] → [Chorus] → [Verse 2] → [Chorus] → [Triple guitar solo] → [Final chorus],https://musaisong.app/en/style/plv-southern-rock
Southern Rock,Electric Roads,115,24,92,"Southern Rock, dual guitar harmonies, slide guitar, organ, soulful gritty vocals, boogie rhythm, American Southern rock, warm and rowdy",[Intro] guitars → [Verse] → [Chorus] → [Dual solo] → [Verse 2] → [Final chorus],https://musaisong.app/en/style/southern-rock
Space Ambient,Breathing Silence,55,44,87,"Space Ambient, vast cosmic synth pads, slow celestial swells, twinkling textures, deep-space atmosphere, cosmic ambient, infinite and serene",[Void] → [Celestial swell] → [Stellar textures] → [Cosmic dissolution],https://musaisong.app/en/style/space-ambient
Space Rock,Fog and Nostalgia,110,38,90,"Space Rock, hypnotic repetitive guitars, swirling effects, droning bass, spacey reverb vocals, cosmic psychedelic rock, expansive and trippy",[Intro] → [Hypnotic groove] → [Cosmic jam] → [Climax] → [Outro],https://musaisong.app/en/style/space-rock
Speed Metal,Storm and Steel,200,26,91,"Speed Metal, ultra-fast precise riffs, rapid double-kick, high soaring vocals, lightning-fast solos, classic speed metal, fast and electrifying",[Intro] → [Verse] fast → [Chorus] → [Verse 2] → [Solo] lightning → [Final Chorus],https://musaisong.app/en/style/speed-metal
Spiritual Jazz,Smoke and Midnight,105,36,92,"Spiritual Jazz, modal harmonies, soaring saxophone, harp, chanting, transcendent improvisation, 60s-70s spiritual jazz, transcendent and deep",[Intro] harp → [Theme] → [Solo] extended sax → [Climax] → [Outro] serene,https://musaisong.app/en/style/spiritual-jazz
Spoken Word & Jazz,Street and Verse,80,28,91,"Spoken Word over Jazz, live upright bass, brushed drums, soft saxophone, intimate spoken poetry delivery, beat-poetry jazz, reflective and warm",[Intro] bass → [Spoken verse] → [Interlude] sax → [Verse 2] → [Outro],https://musaisong.app/en/style/spoken-word-jazz
Spoken Word Soul,Asphalt and Diamonds,76,48,84,"Spoken Word Soul, poetic spoken verses over live soul groove, upright bass, snapping fingers, coffeehouse intimacy, sung refrain",[Bass intro] → [Spoken verse] → [Sung refrain] → [Spoken verse 2] → [Refrain] → [Spoken climax] → [Final refrain],https://musaisong.app/en/style/asf-spoken-soul
Stadium Bro-Country,Dust and Highway,120,18,85,"Stadium Country, anthemic male vocals, big drums, electric guitar riffs, gang vocals chorus, party energy, tailgate anthem, arena reverb",[Intro] → [Verse] → [Pre-build] → [Stadium Chorus] → [Verse 2] → [Chorus] → [Bridge] → [Final Chorus],https://musaisong.app/en/style/plv-bro-country
Stoner Rock,Electric Roads,100,32,91,"Stoner Rock, fuzzy down-tuned guitars, heavy groovy bass, hypnotic slow riffs, laid-back gritty vocals, desert rock, heavy and hypnotic",[Intro] riff → [Verse] → [Chorus] → [Jam] → [Final Chorus],https://musaisong.app/en/style/stoner-rock
Street Orchestral,Asphalt and Diamonds,138,50,85,"Orchestral Drill, cinematic string section over sliding 808s, dramatic brass hits, epic street saga energy, movie-score rap",[String intro] → [Verse] → [Epic hook] → [Verse 2] → [Hook] → [Orchestral bridge] → [Cinematic final hook],https://musaisong.app/en/style/asf-street-orchestral
Sufí Devocional (Dhikr),Sacred Ground,80,26,95,"Sufi Dhikr, ney flute, frame drum, repetitive devotional chanting, gradual building rhythm, meditative Islamic mysticism, hypnotic and serene",[Invocation] → [Rhythmic repetition] → [Gentle acceleration] → [Serene trance] → [Return],https://musaisong.app/en/style/sufi-devocional
Suite Orquestal,Hall of Centuries,84,22,95,"Orchestral Suite, full orchestra, contrasting movements depicting scenes or planets, vivid colorful orchestration, Holst-Grieg style, grand and imaginative",[Movement I] → [Movement II] contrasting → [Movement III] → [Finale] grand,https://musaisong.app/en/style/suite-orquestal
Sunshine Pop 60s,Summer Sun,118,16,92,"Sunshine Pop, lush layered harmonies, bright orchestration, sunny melodic vocals, 60s baroque-pop, warm and blissful",[Intro] → [Verse] → [Chorus harmonies] → [Verse 2] → [Final Chorus],https://musaisong.app/en/style/sunshine-pop-60s
Surf Pop,Summer Sun,124,16,94,"Surf Pop, jangly reverb guitars, sunny harmonies, bright drums, carefree Beach Boys vocals, 60s California summer, nostalgic and joyful",[Guitar intro] → [Verse] → [Chorus harmonies] → [Verse 2] → [Final Chorus],https://musaisong.app/en/style/surf-pop
Surf Rock,Electric Roads,150,24,93,"Surf Rock, reverb-drenched twangy guitar, driving drums, energetic instrumental, vintage 60s sound, beach party energy, bright and splashy",[Intro] reverb guitar → [Theme A] → [Theme B] → [Solo] → [Final Theme A],https://musaisong.app/en/style/surf-rock
Swing,Smoke and Midnight,160,24,95,"Swing, big band brass, swinging rhythm section, energetic horn riffs, lively shuffle, 30s-40s swing, joyful and elegant",[Intro] brass → [Theme] → [Solo] → [Shout chorus] → [Final theme],https://musaisong.app/en/style/swing
Symphonic Metal,Storm and Steel,145,26,93,"Symphonic Metal, full orchestra, heavy guitars, double-kick drums, operatic soprano vocals, choir, grandiose cinematic metal, majestic and powerful",[Intro] orchestra → [Verse] → [Operatic chorus] → [Verse 2] → [Solo] → [Colossal final chorus],https://musaisong.app/en/style/symphonic-metal
Synth Ballad 80s,Ballads That Break the Sky,80,28,91,"80s Synth Ballad, lush analog synths, gated drums, sax solo, emotive nostalgic vocals, retro pop power ballad, dreamy and grand",[Intro] synths → [Verse] → [Chorus] → [Verse 2] → [Sax solo] → [Final chorus],https://musaisong.app/en/style/synth-ballad-80s
Synthpop 80s,Summer Sun,120,22,95,"80s Synthpop, analog synths, gated reverb drums, arpeggiated bass, bright nostalgic vocals, retro electronic pop, neon and euphoric",[Synth intro] → [Verse] → [Pre-chorus] → [Chorus] → [Verse 2] → [Synth solo] → [Final chorus],https://musaisong.app/en/style/synthpop-80s
Synthpop Moderno,Summer Sun,118,22,92,"Modern Synthpop, retro-futuristic synths, punchy electronic drums, atmospheric catchy vocals, 80s-revival pop, sleek and nostalgic-bright",[Synth intro] → [Verse] → [Pre-chorus] → [Chorus] → [Verse 2] → [Final chorus],https://musaisong.app/en/style/synthpop-moderno
Synthpop Nostálgico,Fog and Nostalgia,115,32,90,"Nostalgic Synthpop, warm retro synths, gated drums, wistful melodic vocals, bittersweet 80s pop, dreamy and melancholic",[Intro] synths → [Verse] → [Chorus] → [Verse 2] → [Bridge] → [Final chorus],https://musaisong.app/en/style/nostalgic-synthpop
Synthwave,Machines That Dream,110,28,93,"Synthwave, retro analog synths, gated reverb drums, arpeggiated basslines, nostalgic 80s neon atmosphere, cinematic retrowave, dreamy and driving",[Intro] arpeggio → [Section A] → [Build] → [Section B] → [Outro],https://musaisong.app/en/style/synthwave
Taarab Suajili,Distant Worlds,84,24,93,"Taarab, oud, qanun, accordion, violin, gentle percussion, poetic Swahili vocals, Zanzibar coastal fusion of African-Arab-Indian, elegant and warm",[Orchestral intro] → [Verse] → [Chorus] → [Instrumental] → [Final chorus],https://musaisong.app/en/style/taarab-swahili
Tango Argentino,Roots That Hold Fast,116,19,98,"Tango, bandoneón, violin, piano, double bass, dramatic passionate vocals, sensual and melancholic, Buenos Aires golden age",[Intro] bandoneón → [Verse A] → [Dramatic verse B] → [Instrumental] → [Final] with a break,https://musaisong.app/en/style/tango-argentino
Tech House,Machines That Dream,126,24,92,"Tech House, tight punchy kick, groovy rolling bassline, minimal percussive elements, chopped vocal hooks, club tech house, groovy and hypnotic",[Intro] → [Groove] → [Build] → [Drop] → [Break] → [Final drop],https://musaisong.app/en/style/tech-house
Techno,Machines That Dream,132,28,95,"Techno, driving relentless kick, hypnotic synth loops, dark industrial textures, minimal evolving arpeggios, Berlin techno, hypnotic and powerful",[Intro] kick → [Build] → [Hypnotic drop] → [Break] → [Final drop],https://musaisong.app/en/style/techno
Teen Pop,Summer Sun,118,16,92,"Teen Pop, polished bright production, catchy hooks, youthful energetic vocals, dance-pop beat, late-90s/2000s pop, fun and upbeat",[Intro] → [Verse] → [Pre-Chorus] → [Chorus] → [Verse 2] → [Bridge] → [Final Chorus],https://musaisong.app/en/style/teen-pop
Texas Country,Dust and Highway,112,17,87,"Texas Country, confident male vocals, twin fiddles, honest lyrics, dancehall shuffle, Lone Star independence, live-floor warmth",[Fiddle intro] → [Verse] → [Chorus] → [Verse 2] → [Chorus] → [Solo] → [Final chorus],https://musaisong.app/en/style/plv-texas-country
Thai Pop,Summer Sun,112,20,91,"Thai Pop, bright cheerful production, catchy synths, sweet upbeat Thai vocals, sunny southeast-Asian pop, playful and warm",[Intro] → [Verse] → [Pre-Chorus] → [Chorus] → [Verse 2] → [Final Chorus],https://musaisong.app/en/style/thai-pop
Thrash Metal,Storm and Steel,180,26,95,"Thrash Metal, fast aggressive palm-muted riffs, rapid double-kick, shouted snarling vocals, blistering solos, 80s thrash, relentless and ferocious",[Intro] → [Verse] fast → [Chorus] → [Verse 2] → [Solo] blistering → [Final Chorus],https://musaisong.app/en/style/thrash-metal
Timba Cubana,The Party That Never Ends,100,20,94,"Timba, complex brass, funky piano montuno, layered percussion, virtuosic sonero vocals, modern Cuban dance, dense and fiery",[Intro] → [Verse] → [Chorus] → [Mambo] dense → [Despelote] → [Final Chorus],https://musaisong.app/en/style/timba-cubana
Torch Song,Ballads That Break the Sky,64,26,93,"Torch Song, smoky jazz piano, brushed drums, mournful saxophone, dramatic vulnerable female vocals, classic heartbreak torch ballad, intimate and devastating",[Intro] piano → [Verse] → [Chorus] aching → [Verse 2] → [Final Chorus] suspended,https://musaisong.app/en/style/torch-song
Tradicional Chino,Distant Worlds,72,28,95,"Traditional Chinese, guzheng, erhu, dizi flute, pipa, flowing pentatonic melodies, classical Chinese, elegant and poetic",[Guzheng intro] → [erhu theme] → [dialogue] → [climax] → [cadenza] soft,https://musaisong.app/en/style/guzheng-erhu-chino
Tradicional Japonés,Distant Worlds,60,28,95,"Traditional Japanese, koto, shakuhachi bamboo flute, shamisen, sparse meditative phrasing, gagaku-influenced, serene and ancient",[Koto phrase] → [shakuhachi response] → [development] → [silence] → [cadence],https://musaisong.app/en/style/koto-shakuhachi-japones
Trance,Machines That Dream,138,24,95,"Trance, soaring uplifting synth leads, rolling bassline, euphoric breakdown, emotional build, classic uplifting trance, euphoric and expansive",[Intro] → [Build] → [Breakdown] emotional → [Build] → [Drop] euphoric → [Outro],https://musaisong.app/en/style/trance
Trap,Street and Verse,140,24,95,"Trap, booming 808 bass, rapid hi-hat rolls, dark menacing synths, confident triplet flow, Atlanta trap, hard and atmospheric",[Intro] → [Verse] → [Hook] → [Verse 2] → [Hook] → [Bridge] → [Final Hook],https://musaisong.app/en/style/trap
Trap Anthem,Asphalt and Diamonds,140,25,88,"Trap Anthem, booming 808 bass, rapid hi-hat rolls, dark piano loop, confident rap flow, ad-libs, stadium trap energy",[Intro] → [Verse] → [Hook] → [Verse 2] → [Hook] → [Bridge] → [Final Hook],https://musaisong.app/en/style/asf-trap-anthem
Trap Latino,Street and Verse,140,40,85,"Trap Latino, hard 808s, rapid hi-hats, dark Latin melodic synths, autotuned confident Spanish flow, urban Latino trap, hard and melodic",[Intro] → [Verse] → [Hook] → [Verse 2] → [Final Hook],https://musaisong.app/en/style/trap-latino
Trap Melódico,Street and Verse,135,30,90,"Melodic Trap, catchy synth melody, autotuned melodic hooks, booming 808s, hi-hat rolls, emotional singing-rap flow, radio-ready trap, smooth and catchy",[Intro] → [Verse] → [Melodic Hook] → [Verse 2] → [Final Hook],https://musaisong.app/en/style/trap-melodico
Trap Metal,Storm and Steel,145,36,88,"Trap Metal, distorted 808s, aggressive screamed-rapped vocals, metal guitar samples, chaotic energy, trap-metal fusion, abrasive and explosive",[Intro] → [Verse] → chaotic [Drop] → [Verse 2] → [Final Drop],https://musaisong.app/en/style/trap-metal
Trap Soul,Asphalt and Diamonds,108,26,87,"Trap Soul, moody sung vocals over trap drums, ambient keys, late-night R&B melodies, smooth 808 warmth, intimate confessions",[Intro] → [Verse] → [Chorus] → [Verse 2] → [Chorus] → [Bridge] → [Final Chorus],https://musaisong.app/en/style/asf-trap-soul
Trío Romántico,Rain Romance,80,14,96,"Trío Romántico, two guitars and requinto, three-part harmony vocals, bolero feel, golden-age Latin serenade, intimate and elegant",[Intro] requinto → [Verse] → [Chorus] harmonies → [Verse 2] → [Final Chorus],https://musaisong.app/en/style/trio-romantico
Tropical Pop,Summer Sun,102,18,93,"Tropical Pop, tropical house plucks, marimba-like synths, gentle dembow, breezy summer vocals, beach-pop crossover, sunny and relaxed",[Intro] → [Verse] → [Pre] → [Tropical Drop] → [Verse 2] → [Final Drop],https://musaisong.app/en/style/tropical-pop
Truckin Country,Dust and Highway,106,19,86,"Truck Driving Country, steady rolling rhythm, baritone vocals, chicken-pickin guitar, CB radio spirit, eighteen-wheeler anthem",[Engine intro] → [Verse] → [Chorus] → [Verse 2] → [Chorus] → [Solo] → [Final chorus],https://musaisong.app/en/style/plv-truckin-country
Turntablism,The Edge of the Map,100,56,90,"Turntablism, virtuosic vinyl scratching, beat juggling, chopped breaks, rhythmic cuts as melody, DJ-as-instrument, dexterous and funky",[Base beat] → [rhythmic scratch] → [beat juggle] → [scratch solo] → [cut outro],https://musaisong.app/en/style/turntablism
Twee Pop,Fog and Nostalgia,130,28,91,"Twee Pop, jangly bright guitars, simple sweet melodies, innocent shy vocals, lo-fi charm, indie pop cuteness, sweet and innocent",[Intro] guitar → [Verse] → [Chorus] sweet → [Verse 2] → [Final Chorus],https://musaisong.app/en/style/twee-pop
UK Garage (2-Step),Machines That Dream,130,28,91,"UK Garage, skippy syncopated 2-step beat, deep bass, chopped soulful vocals, swung shuffle groove, classic UK garage, bouncy and smooth",[Intro] → [Vocal Verse] → [2-Step Drop] → [Break] → [Final Drop],https://musaisong.app/en/style/uk-garage
UK Rap,Street and Verse,140,26,90,"UK Rap, melodic drill-influenced beat, sliding 808s, smooth British melodic flow, atmospheric synths, London sound, slick and modern",[Intro] → [Verse] → [Hook] → [Verse 2] → [Final Hook],https://musaisong.app/en/style/uk-rap
Vallenato,Roots That Hold Fast,100,14,96,"Vallenato, accordion lead, caja vallenata, guacharaca, heartfelt male vocals, Colombian Caribbean folk, romantic storytelling",[Intro] accordion → [Verse] → [Chorus] → [Verse 2] → [Instrumental] accordion → [Final Chorus],https://musaisong.app/en/style/vallenato
Vals Criollo,Roots That Hold Fast,150,14,94,"Vals Criollo peruano, guitar and cajón, lyrical romantic vocals, 3/4 waltz rhythm, Lima creole folk, elegant and nostalgic",[Intro] waltz guitar → [Verse] → [Chorus] → [Verse 2] → soft close,https://musaisong.app/en/style/vals-criollo
Vals Vienés,Hall of Centuries,90,14,96,"Viennese Waltz, lilting strings, elegant 3/4 rhythm, sweeping melody, Strauss style, graceful and grand",[Intro] → [Waltz A] → [Waltz B] → [Waltz A] → [Coda] brilliant,https://musaisong.app/en/style/vals-vienes
Vaporwave,Machines That Dream,80,40,89,"Vaporwave, slowed-down chopped 80s samples, lush nostalgic synths, dreamy reverb, surreal mall-music atmosphere, vaporwave, nostalgic and surreal",[Intro] sample → [Loop] hypnotic → [Variation] → [Outro] reverb,https://musaisong.app/en/style/vaporwave
Viking Metal,Storm and Steel,140,30,90,"Viking Metal, epic heavy guitars, folk melodies, choir chants, harsh and clean battle vocals, orchestral elements, epic Nordic metal, majestic and warlike",[Intro] epic choir → [Verse] → [Chorus] battle → [Verse 2] → [Instrumental] → [Final Chorus],https://musaisong.app/en/style/viking-metal
Vocal Jazz,Smoke and Midnight,85,24,93,"Vocal Jazz, intimate crooning vocals, soft piano trio, brushed drums, warm upright bass, jazz standard ballad, elegant and tender",[Intro] piano → [Verse] → [Bridge] → [Solo] piano → [Final Verse],https://musaisong.app/en/style/vocal-jazz
Weightless Dream Pop,Fog and Nostalgia,80,42,90,"Weightless Dream Pop, floating ambient synths, gentle wordless vocals, no rhythm, pure atmospheric drift, weightless ethereal pop, serene and floating",[Intro] floating → [Section A] → [Section B] → [Outro] suspended,https://musaisong.app/en/style/weightless-dream-pop
Weirdcore,The Edge of the Map,90,70,90,"Weirdcore, distorted dreamlike synths, lo-fi uncanny textures, warped nostalgic samples, liminal-space atmosphere, surreal and disorienting",[Dream Texture] → [warped sample] → [liminal atmosphere] → [strange climax] → [diffuse dissolution],https://musaisong.app/en/style/weirdcore
West Coast Hip-Hop,Street and Verse,95,22,94,"West Coast Hip-Hop, funky synth lines, deep groovy bass, crisp drums, confident smooth flow, modern California rap, bouncy and sunlit",[Intro] → [Verse 1] → [Hook] → [Verse 2] → [Hook] → [Verse 3] → [Outro],https://musaisong.app/en/style/west-coast-hiphop
Western Swing,Dust and Highway,130,30,88,"Western Swing, big band meets country, swinging fiddles, jazzy steel guitar, upright bass walking, 40s Texas ballroom elegance",[Big band intro] → [Verse] → [Chorus] → [Fiddle solo] → [Steel guitar solo] → [Chorus] → [Outro],https://musaisong.app/en/style/plv-western-swing
Wistful Chamber Folk,Fog and Nostalgia,90,32,91,"Chamber Folk, acoustic guitar with cello and violin, soft brushed percussion, tender introspective vocals, intimate orchestral folk, wistful and warm",[Intro] cello → [Verse] → [Chorus] → [Verse 2] → [Bridge] → [Final Chorus],https://musaisong.app/en/style/wistful-chamber-folk
World Fusion Cinemática,Distant Worlds,80,36,92,"Cinematic World Fusion, ethnic instruments (duduk, frame drum, vocals from many cultures), ambient pads, ethereal global vocals, Dead Can Dance style, mystical and vast",[Atmospheric Drone] → [ethnic vocal] → [percussion enters] → [global climax] → [dissolution],https://musaisong.app/en/style/world-fusion-cinematica
Worship Acústico,Sacred Ground,70,18,93,"Acoustic Worship, fingerpicked acoustic guitar, soft piano, intimate sincere vocals, gentle harmonies, unplugged contemporary Christian, tender and warm",[Guitar intro] → [Verse] → [Chorus] → [Verse 2] → [Final chorus],https://musaisong.app/en/style/worship-acustico
Worship Moderno,Sacred Ground,74,22,95,"Modern Worship, ambient electric guitars, soft pads, building drums, earnest heartfelt vocals, anthemic contemporary Christian, uplifting and atmospheric",[Atmospheric intro] → [Verse] → [Pre-chorus] → [Chorus] → [Repeated bridge] → [Elevated final chorus],https://musaisong.app/en/style/worship-moderno
Yacht Soul,Rain Romance,95,22,90,"Yacht Soul, smooth 70s-80s production, clean guitars, soft synths, mellow harmonies, breezy melodic vocals, sophisticated soft soul, sunny and smooth",[Intro] → [Verse] → [Chorus] → [Verse 2] → [Final chorus],https://musaisong.app/en/style/yacht-soul
Zen Ambient,Breathing Silence,50,32,85,"Zen Ambient, sparse koto and shakuhachi flute, gentle water sounds, vast silence, minimalist Japanese-influenced ambient, serene and meditative",[Silence] → [Koto] → [Flute] → [Rest] → [Silence],https://musaisong.app/en/style/zen-ambient
Zeuhl,The Edge of the Map,120,64,90,"Zeuhl, militaristic repetitive bass, operatic chanting choir, jazz-fusion intensity, invented-language vocals, Magma style, hypnotic and ominous",[Bass ostinato] → [Invoking choir] → [Acceleration] → [Martial climax] → [Final trance],https://musaisong.app/en/style/zeuhl
Zouk,The Party That Never Ends,118,18,93,"Zouk, syncopated drum machine, warm synths, smooth creole vocals, Antillean dance, sensual and tropical",[Intro] → [Verse] → [Chorus] → [Verse 2] → [Final chorus],https://musaisong.app/en/style/zouk
Zydeco,Roots That Hold Fast,135,20,93,"Zydeco, accordion, rubboard (frottoir), drums, soulful Creole vocals, syncopated dance groove, Louisiana Creole folk, hot and funky",[Intro] accordion+rubboard → [Verse] → [Chorus] → [Instrumental] → [Final chorus],https://musaisong.app/en/style/zydeco
